Customer_ID,Customer_Name,Age,Gender,City,State,Registration_Date
C00001,Customer_00001,27,Male,New Delhi,Delhi,2026-01-01
C00002,Customer_00002,62,Male,Bengaluru,Karnataka,2024-10-14
C00003,Customer_00003,58,Male,Coimbatore,Tamil Nadu,2025-01-15
C00004,Customer_00004,61,Female,Muzaffarpur,Bihar,2025-06-06
C00005,Customer_00005,49,Male,Mysuru,Karnataka,2024-05-30
C00006,Customer_00006,59,Female,Coimbatore,Tamil Nadu,2024-06-27
C00007,Customer_00007,42,Female,Delhi,Delhi,2024-03-09
C00008,Customer_00008,35,Female,Ahmedabad,Gujarat,2024-03-28
C00009,Customer_00009,56,Female,Kolkata,West Bengal,2025-03-24
C00010,Customer_00010,54,Female,Lucknow,Uttar Pradesh,2025-03-02
C00011,Customer_00011,50,Male,Nagpur,Maharashtra,2024-05-15
C00012,Customer_00012,57,Female,Bengaluru,Karnataka,2024-01-27
C00013,Customer_00013,40,Male,Nagpur,Maharashtra,2026-03-26
C00014,Customer_00014,42,Male,Surat,Gujarat,2025-04-05
C00015,Customer_00015,52,Female,Bhagalpur,Bihar,2024-04-23
C00016,Customer_00016,58,Female,Bengaluru,Karnataka,2024-11-16
C00017,Customer_00017,53,Male,Kolkata,West Bengal,2024-02-16
C00018,Customer_00018,55,Male,Mumbai,Maharashtra,2025-10-05
C00019,Customer_00019,22,Male,Varanasi,Uttar Pradesh,2026-05-27
C00020,Customer_00020,33,Male,Surat,Gujarat,2024-01-24
C00021,Customer_00021,60,Female,Bhagalpur,Bihar,2026-05-10
C00022,Customer_00022,60,Male,Muzaffarpur,Bihar,2025-11-13
C00023,Customer_00023,64,Female,New Delhi,Delhi,2024-03-08
C00024,Customer_00024,35,Male,Jamshedpur,Jharkhand,2025-11-15
C00025,Customer_00025,26,Female,New Delhi,Delhi,2024-07-21
C00026,Customer_00026,52,Male,Coimbatore,Tamil Nadu,2024-08-11
C00027,Customer_00027,50,Male,Delhi,Delhi,2026-06-01
C00028,Customer_00028,54,Female,Bhagalpur,Bihar,2024-04-16
C00029,Customer_00029,33,Male,Bengaluru,Karnataka,2024-09-15
C00030,Customer_00030,46,Female,Varanasi,Uttar Pradesh,2024-06-19
C00031,Customer_00031,56,Male,Surat,Gujarat,2026-06-19
C00032,Customer_00032,44,Female,Kanpur,Uttar Pradesh,2025-07-02
C00033,Customer_00033,34,Male,Durgapur,West Bengal,2025-08-28
C00034,Customer_00034,54,Male,Mysuru,Karnataka,2025-08-22
C00035,Customer_00035,31,Male,Mumbai,Maharashtra,2025-01-23
C00036,Customer_00036,29,Male,Kolkata,West Bengal,2024-01-10
C00037,Customer_00037,59,Female,Kolkata,West Bengal,2026-01-10
C00038,Customer_00038,46,Female,Bengaluru,Karnataka,2026-06-07
C00039,Customer_00039,39,Male,Delhi,Delhi,2026-06-27
C00040,Customer_00040,64,Female,Mysuru,Karnataka,2024-11-21
C00041,Customer_00041,42,Female,Surat,Gujarat,2025-03-30
C00042,Customer_00042,65,Male,Pune,Maharashtra,2025-02-23
C00043,Customer_00043,49,Female,Muzaffarpur,Bihar,2025-09-06
C00044,Customer_00044,63,Male,Nagpur,Maharashtra,2026-01-04
C00045,Customer_00045,47,Male,New Delhi,Delhi,2025-10-02
C00046,Customer_00046,52,Male,New Delhi,Delhi,2024-01-25
C00047,Customer_00047,45,Male,Jamshedpur,Jharkhand,2026-03-08
C00048,Customer_00048,63,Female,Lucknow,Uttar Pradesh,2026-03-26
C00049,Customer_00049,53,Male,Jaipur,Rajasthan,2026-04-28
C00050,Customer_00050,43,Female,Patna,Bihar,2025-11-29
C00051,Customer_00051,63,Female,Delhi,Delhi,2026-05-05
C00052,Customer_00052,42,Male,Coimbatore,Tamil Nadu,2025-01-29
C00053,Customer_00053,29,Male,Gaya,Bihar,2025-10-06
C00054,Customer_00054,41,Male,Mysuru,Karnataka,2024-05-02
C00055,Customer_00055,39,Female,Patna,Bihar,2024-10-07
C00056,Customer_00056,35,Male,Jamshedpur,Jharkhand,2025-09-10
C00057,Customer_00057,19,Female,Coimbatore,Tamil Nadu,2024-01-15
C00058,Customer_00058,22,Female,Bengaluru,Karnataka,2025-03-23
C00059,Customer_00059,50,Female,Pune,Maharashtra,2025-10-03
C00060,Customer_00060,54,Male,Jamshedpur,Jharkhand,2024-01-08
C00061,Customer_00061,23,Female,Jamshedpur,Jharkhand,2026-03-08
C00062,Customer_00062,38,Female,Durgapur,West Bengal,2025-08-31
C00063,Customer_00063,22,Male,Durgapur,West Bengal,2026-06-18
C00064,Customer_00064,52,Male,Gaya,Bihar,2024-04-11
C00065,Customer_00065,36,Female,Chennai,Tamil Nadu,2024-05-27
C00066,Customer_00066,47,Female,Jamshedpur,Jharkhand,2026-02-06
C00067,Customer_00067,25,Female,Delhi,Delhi,2025-03-04
C00068,Customer_00068,25,Female,Surat,Gujarat,2025-11-08
C00069,Customer_00069,62,Female,Delhi,Delhi,2026-04-02
C00070,Customer_00070,62,Male,Mumbai,Maharashtra,2025-06-24
C00071,Customer_00071,22,Female,Durgapur,West Bengal,2024-11-29
C00072,Customer_00072,55,Male,Pune,Maharashtra,2026-03-13
C00073,Customer_00073,20,Female,Durgapur,West Bengal,2024-02-16
C00074,Customer_00074,43,Male,Bengaluru,Karnataka,2026-01-25
C00075,Customer_00075,39,Female,Pune,Maharashtra,2024-01-10
C00076,Customer_00076,40,Female,Kanpur,Uttar Pradesh,2024-09-24
C00077,Customer_00077,26,Male,Muzaffarpur,Bihar,2025-01-06
C00078,Customer_00078,61,Female,New Delhi,Delhi,2026-04-24
C00079,Customer_00079,64,Female,Udaipur,Rajasthan,2025-09-22
C00080,Customer_00080,63,Female,Lucknow,Uttar Pradesh,2026-06-21
C00081,Customer_00081,59,Male,Pune,Maharashtra,2024-01-12
C00082,Customer_00082,41,Female,Udaipur,Rajasthan,2024-09-06
C00083,Customer_00083,51,Female,Varanasi,Uttar Pradesh,2026-02-04
C00084,Customer_00084,27,Male,Surat,Gujarat,2026-06-14
C00085,Customer_00085,28,Male,Nagpur,Maharashtra,2025-11-17
C00086,Customer_00086,29,Female,New Delhi,Delhi,2025-11-20
C00087,Customer_00087,24,Female,Delhi,Delhi,2026-03-04
C00088,Customer_00088,29,Male,Udaipur,Rajasthan,2026-04-15
C00089,Customer_00089,30,Female,Jaipur,Rajasthan,2025-11-05
C00090,Customer_00090,38,Male,Gaya,Bihar,2025-09-29
C00091,Customer_00091,51,Male,Kolkata,West Bengal,2024-08-15
C00092,Customer_00092,54,Female,Chennai,Tamil Nadu,2025-10-22
C00093,Customer_00093,43,Female,Lucknow,Uttar Pradesh,2024-03-22
C00094,Customer_00094,24,Male,Bhagalpur,Bihar,2025-08-01
C00095,Customer_00095,28,Male,Jamshedpur,Jharkhand,2024-08-03
C00096,Customer_00096,32,Male,Chennai,Tamil Nadu,2026-03-20
C00097,Customer_00097,42,Male,Ahmedabad,Gujarat,2026-03-21
C00098,Customer_00098,40,Female,Jamshedpur,Jharkhand,2024-12-05
C00099,Customer_00099,52,Female,Surat,Gujarat,2026-06-21
C00100,Customer_00100,64,Male,Delhi,Delhi,2025-06-13
C00101,Customer_00101,36,Female,Ahmedabad,Gujarat,2025-01-08
C00102,Customer_00102,25,Female,Pune,Maharashtra,2024-10-05
C00103,Customer_00103,43,Female,Surat,Gujarat,2024-07-12
C00104,Customer_00104,55,Female,Mysuru,Karnataka,2026-02-15
C00105,Customer_00105,47,Male,Pune,Maharashtra,2025-03-25
C00106,Customer_00106,63,Male,Jamshedpur,Jharkhand,2024-02-13
C00107,Customer_00107,51,Male,Jamshedpur,Jharkhand,2024-08-30
C00108,Customer_00108,51,Male,Jamshedpur,Jharkhand,2026-03-19
C00109,Customer_00109,56,Female,Kolkata,West Bengal,2024-03-29
C00110,Customer_00110,54,Male,Mysuru,Karnataka,2024-09-12
C00111,Customer_00111,57,Female,Surat,Gujarat,2025-10-06
C00112,Customer_00112,28,Female,Varanasi,Uttar Pradesh,2024-04-06
C00113,Customer_00113,22,Female,Bengaluru,Karnataka,2026-03-03
C00114,Customer_00114,63,Male,Varanasi,Uttar Pradesh,2025-08-08
C00115,Customer_00115,59,Female,Chennai,Tamil Nadu,2026-03-26
C00116,Customer_00116,45,Male,Patna,Bihar,2025-04-20
C00117,Customer_00117,35,Female,Bengaluru,Karnataka,2024-06-11
C00118,Customer_00118,38,Male,Delhi,Delhi,2025-11-20
C00119,Customer_00119,43,Male,Ahmedabad,Gujarat,2025-10-30
C00120,Customer_00120,44,Male,Kanpur,Uttar Pradesh,2025-09-15
C00121,Customer_00121,19,Male,Lucknow,Uttar Pradesh,2025-11-08
C00122,Customer_00122,54,Male,Durgapur,West Bengal,2025-01-28
C00123,Customer_00123,42,Male,Patna,Bihar,2026-04-25
C00124,Customer_00124,32,Female,Chennai,Tamil Nadu,2025-07-26
C00125,Customer_00125,19,Male,Ahmedabad,Gujarat,2024-01-09
C00126,Customer_00126,21,Female,Udaipur,Rajasthan,2026-03-20
C00127,Customer_00127,58,Female,Pune,Maharashtra,2025-05-09
C00128,Customer_00128,31,Female,Pune,Maharashtra,2026-02-11
C00129,Customer_00129,41,Male,Mysuru,Karnataka,2025-12-13
C00130,Customer_00130,22,Male,Coimbatore,Tamil Nadu,2025-03-02
C00131,Customer_00131,29,Male,Delhi,Delhi,2025-07-25
C00132,Customer_00132,19,Female,Bengaluru,Karnataka,2024-09-29
C00133,Customer_00133,56,Female,Kanpur,Uttar Pradesh,2025-01-26
C00134,Customer_00134,59,Female,Kanpur,Uttar Pradesh,2026-01-31
C00135,Customer_00135,36,Female,Durgapur,West Bengal,2025-07-12
C00136,Customer_00136,28,Male,Bengaluru,Karnataka,2025-12-03
C00137,Customer_00137,19,Female,Ranchi,Jharkhand,2025-01-26
C00138,Customer_00138,35,Male,Mumbai,Maharashtra,2026-02-13
C00139,Customer_00139,18,Male,New Delhi,Delhi,2026-06-23
C00140,Customer_00140,26,Male,Pune,Maharashtra,2024-03-31
C00141,Customer_00141,58,Female,Lucknow,Uttar Pradesh,2024-12-21
C00142,Customer_00142,63,Male,Mumbai,Maharashtra,2026-06-04
C00143,Customer_00143,62,Female,Delhi,Delhi,2025-02-21
C00144,Customer_00144,46,Male,New Delhi,Delhi,2025-10-26
C00145,Customer_00145,54,Female,Udaipur,Rajasthan,2024-06-20
C00146,Customer_00146,44,Male,Delhi,Delhi,2026-02-08
C00147,Customer_00147,61,Male,Durgapur,West Bengal,2026-02-18
C00148,Customer_00148,34,Female,Jaipur,Rajasthan,2025-07-26
C00149,Customer_00149,35,Male,Jamshedpur,Jharkhand,2024-02-21
C00150,Customer_00150,33,Female,Jamshedpur,Jharkhand,2025-04-20
C00151,Customer_00151,49,Male,Udaipur,Rajasthan,2024-03-12
C00152,Customer_00152,64,Male,Delhi,Delhi,2026-06-08
C00153,Customer_00153,52,Male,Coimbatore,Tamil Nadu,2025-08-21
C00154,Customer_00154,43,Male,Bhagalpur,Bihar,2025-03-19
C00155,Customer_00155,49,Male,Lucknow,Uttar Pradesh,2024-04-24
C00156,Customer_00156,45,Male,Varanasi,Uttar Pradesh,2024-08-17
C00157,Customer_00157,58,Female,Lucknow,Uttar Pradesh,2024-03-09
C00158,Customer_00158,55,Female,Durgapur,West Bengal,2025-07-23
C00159,Customer_00159,40,Female,Surat,Gujarat,2025-12-13
C00160,Customer_00160,31,Female,Muzaffarpur,Bihar,2025-01-30
C00161,Customer_00161,41,Male,New Delhi,Delhi,2025-09-27
C00162,Customer_00162,30,Female,Gaya,Bihar,2026-02-19
C00163,Customer_00163,23,Female,Mysuru,Karnataka,2025-09-28
C00164,Customer_00164,59,Female,Chennai,Tamil Nadu,2024-07-23
C00165,Customer_00165,22,Male,Varanasi,Uttar Pradesh,2026-03-16
C00166,Customer_00166,45,Female,Pune,Maharashtra,2024-02-28
C00167,Customer_00167,20,Female,Udaipur,Rajasthan,2024-02-01
C00168,Customer_00168,20,Male,New Delhi,Delhi,2024-02-02
C00169,Customer_00169,33,Male,Ahmedabad,Gujarat,2025-08-19
C00170,Customer_00170,37,Female,Kolkata,West Bengal,2024-11-20
C00171,Customer_00171,36,Male,Nagpur,Maharashtra,2024-09-08
C00172,Customer_00172,18,Female,Varanasi,Uttar Pradesh,2024-06-12
C00173,Customer_00173,24,Female,Chennai,Tamil Nadu,2025-09-16
C00174,Customer_00174,18,Male,New Delhi,Delhi,2024-01-19
C00175,Customer_00175,62,Male,Nagpur,Maharashtra,2025-03-18
C00176,Customer_00176,50,Male,Ahmedabad,Gujarat,2025-05-09
C00177,Customer_00177,29,Female,Ahmedabad,Gujarat,2024-04-27
C00178,Customer_00178,26,Male,Varanasi,Uttar Pradesh,2024-02-09
C00179,Customer_00179,50,Female,Chennai,Tamil Nadu,2025-02-14
C00180,Customer_00180,30,Male,New Delhi,Delhi,2026-04-11
C00181,Customer_00181,54,Female,Delhi,Delhi,2025-07-04
C00182,Customer_00182,37,Male,Mumbai,Maharashtra,2024-03-27
C00183,Customer_00183,62,Female,Patna,Bihar,2024-08-22
C00184,Customer_00184,19,Male,Varanasi,Uttar Pradesh,2025-12-04
C00185,Customer_00185,62,Female,Chennai,Tamil Nadu,2025-02-22
C00186,Customer_00186,26,Male,Gaya,Bihar,2025-02-14
C00187,Customer_00187,37,Male,Muzaffarpur,Bihar,2026-02-06
C00188,Customer_00188,21,Female,Nagpur,Maharashtra,2026-06-08
C00189,Customer_00189,53,Female,Coimbatore,Tamil Nadu,2024-02-01
C00190,Customer_00190,26,Female,Ranchi,Jharkhand,2026-03-03
C00191,Customer_00191,25,Male,Udaipur,Rajasthan,2026-02-05
C00192,Customer_00192,38,Male,Delhi,Delhi,2025-09-07
C00193,Customer_00193,64,Male,Bhagalpur,Bihar,2025-02-17
C00194,Customer_00194,29,Female,Patna,Bihar,2025-05-22
C00195,Customer_00195,34,Male,Coimbatore,Tamil Nadu,2026-02-09
C00196,Customer_00196,61,Male,Mysuru,Karnataka,2025-03-05
C00197,Customer_00197,24,Male,Patna,Bihar,2026-04-19
C00198,Customer_00198,19,Female,Delhi,Delhi,2024-09-09
C00199,Customer_00199,63,Male,Delhi,Delhi,2025-04-12
C00200,Customer_00200,21,Female,Patna,Bihar,2026-01-09
C00201,Customer_00201,59,Female,Mumbai,Maharashtra,2026-01-29
C00202,Customer_00202,26,Female,Udaipur,Rajasthan,2025-10-27
C00203,Customer_00203,18,Male,Muzaffarpur,Bihar,2025-05-16
C00204,Customer_00204,52,Male,New Delhi,Delhi,2024-03-26
C00205,Customer_00205,61,Female,Gaya,Bihar,2024-07-22
C00206,Customer_00206,53,Female,Ahmedabad,Gujarat,2026-01-17
C00207,Customer_00207,35,Female,Jaipur,Rajasthan,2025-02-28
C00208,Customer_00208,57,Female,New Delhi,Delhi,2024-11-18
C00209,Customer_00209,45,Female,Lucknow,Uttar Pradesh,2026-01-04
C00210,Customer_00210,47,Male,Udaipur,Rajasthan,2024-01-19
C00211,Customer_00211,53,Female,Jamshedpur,Jharkhand,2026-03-19
C00212,Customer_00212,23,Female,Kolkata,West Bengal,2026-01-31
C00213,Customer_00213,49,Male,Kolkata,West Bengal,2024-02-22
C00214,Customer_00214,46,Male,Delhi,Delhi,2025-01-26
C00215,Customer_00215,41,Male,Muzaffarpur,Bihar,2025-07-22
C00216,Customer_00216,20,Female,Mysuru,Karnataka,2025-10-02
C00217,Customer_00217,65,Female,Bengaluru,Karnataka,2025-11-28
C00218,Customer_00218,39,Male,Bengaluru,Karnataka,2024-07-24
C00219,Customer_00219,30,Male,Bhagalpur,Bihar,2024-11-10
C00220,Customer_00220,45,Male,Pune,Maharashtra,2024-04-01
C00221,Customer_00221,24,Female,Delhi,Delhi,2025-12-25
C00222,Customer_00222,43,Female,Surat,Gujarat,2026-02-02
C00223,Customer_00223,29,Male,Lucknow,Uttar Pradesh,2025-09-21
C00224,Customer_00224,40,Male,Ranchi,Jharkhand,2025-06-08
C00225,Customer_00225,57,Male,Delhi,Delhi,2025-08-25
C00226,Customer_00226,26,Male,New Delhi,Delhi,2025-03-21
C00227,Customer_00227,38,Female,Mumbai,Maharashtra,2024-04-12
C00228,Customer_00228,53,Female,Lucknow,Uttar Pradesh,2025-04-23
C00229,Customer_00229,65,Female,Kolkata,West Bengal,2024-12-13
C00230,Customer_00230,24,Female,Kolkata,West Bengal,2026-05-23
C00231,Customer_00231,61,Male,Kanpur,Uttar Pradesh,2025-04-24
C00232,Customer_00232,47,Male,Patna,Bihar,2024-07-13
C00233,Customer_00233,51,Female,New Delhi,Delhi,2025-03-29
C00234,Customer_00234,35,Male,Ranchi,Jharkhand,2025-05-16
C00235,Customer_00235,29,Female,Bengaluru,Karnataka,2025-08-22
C00236,Customer_00236,20,Male,Durgapur,West Bengal,2024-12-16
C00237,Customer_00237,28,Female,Muzaffarpur,Bihar,2024-03-27
C00238,Customer_00238,37,Male,Mysuru,Karnataka,2024-03-05
C00239,Customer_00239,35,Male,Kolkata,West Bengal,2026-04-11
C00240,Customer_00240,20,Male,Ranchi,Jharkhand,2025-01-31
C00241,Customer_00241,47,Female,Jamshedpur,Jharkhand,2024-09-27
C00242,Customer_00242,34,Male,Delhi,Delhi,2024-05-05
C00243,Customer_00243,62,Male,Udaipur,Rajasthan,2025-08-09
C00244,Customer_00244,49,Male,Durgapur,West Bengal,2026-01-26
C00245,Customer_00245,26,Female,Kolkata,West Bengal,2024-05-08
C00246,Customer_00246,48,Male,Nagpur,Maharashtra,2025-04-13
C00247,Customer_00247,60,Male,Nagpur,Maharashtra,2024-03-07
C00248,Customer_00248,21,Female,Lucknow,Uttar Pradesh,2025-08-01
C00249,Customer_00249,43,Male,Muzaffarpur,Bihar,2025-06-12
C00250,Customer_00250,18,Male,Coimbatore,Tamil Nadu,2025-04-08
C00251,Customer_00251,21,Female,Mumbai,Maharashtra,2026-05-24
C00252,Customer_00252,63,Female,New Delhi,Delhi,2025-05-10
C00253,Customer_00253,27,Female,Lucknow,Uttar Pradesh,2024-09-30
C00254,Customer_00254,65,Male,Varanasi,Uttar Pradesh,2024-05-25
C00255,Customer_00255,63,Male,Jaipur,Rajasthan,2026-03-15
C00256,Customer_00256,65,Female,Pune,Maharashtra,2024-04-08
C00257,Customer_00257,60,Male,Mysuru,Karnataka,2025-09-08
C00258,Customer_00258,36,Female,Udaipur,Rajasthan,2024-01-19
C00259,Customer_00259,63,Female,Mysuru,Karnataka,2026-03-03
C00260,Customer_00260,35,Male,Udaipur,Rajasthan,2025-10-10
C00261,Customer_00261,24,Female,Durgapur,West Bengal,2024-02-28
C00262,Customer_00262,34,Female,Chennai,Tamil Nadu,2024-03-07
C00263,Customer_00263,20,Male,New Delhi,Delhi,2024-04-03
C00264,Customer_00264,40,Male,Surat,Gujarat,2025-11-01
C00265,Customer_00265,46,Male,Nagpur,Maharashtra,2025-05-30
C00266,Customer_00266,62,Female,Gaya,Bihar,2025-07-02
C00267,Customer_00267,53,Female,Nagpur,Maharashtra,2025-06-07
C00268,Customer_00268,36,Female,Kolkata,West Bengal,2025-12-20
C00269,Customer_00269,51,Male,Bengaluru,Karnataka,2025-07-07
C00270,Customer_00270,39,Female,Mysuru,Karnataka,2024-06-29
C00271,Customer_00271,46,Male,Kanpur,Uttar Pradesh,2024-09-20
C00272,Customer_00272,25,Female,Jamshedpur,Jharkhand,2025-01-11
C00273,Customer_00273,23,Male,Bengaluru,Karnataka,2025-07-22
C00274,Customer_00274,46,Male,Durgapur,West Bengal,2026-06-29
C00275,Customer_00275,26,Male,Delhi,Delhi,2025-12-13
C00276,Customer_00276,57,Male,Kolkata,West Bengal,2024-10-19
C00277,Customer_00277,36,Male,New Delhi,Delhi,2024-03-16
C00278,Customer_00278,55,Male,Surat,Gujarat,2025-02-22
C00279,Customer_00279,24,Male,Muzaffarpur,Bihar,2025-02-12
C00280,Customer_00280,27,Male,Surat,Gujarat,2024-04-24
C00281,Customer_00281,29,Female,Bengaluru,Karnataka,2025-10-30
C00282,Customer_00282,65,Male,Delhi,Delhi,2026-01-20
C00283,Customer_00283,64,Female,Durgapur,West Bengal,2024-09-28
C00284,Customer_00284,65,Female,Bengaluru,Karnataka,2024-04-14
C00285,Customer_00285,23,Female,Coimbatore,Tamil Nadu,2026-03-20
C00286,Customer_00286,21,Female,Patna,Bihar,2026-02-06
C00287,Customer_00287,42,Male,Pune,Maharashtra,2024-10-21
C00288,Customer_00288,30,Female,Pune,Maharashtra,2025-02-16
C00289,Customer_00289,37,Male,Jamshedpur,Jharkhand,2025-11-08
C00290,Customer_00290,18,Male,Bhagalpur,Bihar,2025-02-20
C00291,Customer_00291,29,Male,New Delhi,Delhi,2025-06-23
C00292,Customer_00292,44,Female,Kolkata,West Bengal,2025-11-13
C00293,Customer_00293,64,Female,Jaipur,Rajasthan,2026-04-23
C00294,Customer_00294,55,Female,Udaipur,Rajasthan,2024-03-27
C00295,Customer_00295,54,Female,Mysuru,Karnataka,2025-11-22
C00296,Customer_00296,42,Female,Ahmedabad,Gujarat,2025-03-30
C00297,Customer_00297,21,Male,Pune,Maharashtra,2026-03-29
C00298,Customer_00298,26,Male,Jamshedpur,Jharkhand,2024-01-07
C00299,Customer_00299,53,Male,Lucknow,Uttar Pradesh,2026-06-11
C00300,Customer_00300,26,Male,Muzaffarpur,Bihar,2025-01-26
C00301,Customer_00301,47,Male,Jamshedpur,Jharkhand,2024-02-02
C00302,Customer_00302,34,Female,Lucknow,Uttar Pradesh,2024-10-31
C00303,Customer_00303,35,Male,Ahmedabad,Gujarat,2024-02-05
C00304,Customer_00304,54,Male,Varanasi,Uttar Pradesh,2025-04-19
C00305,Customer_00305,24,Female,Patna,Bihar,2025-09-13
C00306,Customer_00306,42,Male,Jaipur,Rajasthan,2025-01-24
C00307,Customer_00307,43,Female,Varanasi,Uttar Pradesh,2025-08-15
C00308,Customer_00308,24,Female,Kanpur,Uttar Pradesh,2024-05-19
C00309,Customer_00309,48,Female,Lucknow,Uttar Pradesh,2025-07-12
C00310,Customer_00310,42,Male,Pune,Maharashtra,2026-01-19
C00311,Customer_00311,19,Male,Udaipur,Rajasthan,2025-01-27
C00312,Customer_00312,51,Female,Durgapur,West Bengal,2025-04-10
C00313,Customer_00313,39,Male,New Delhi,Delhi,2025-07-11
C00314,Customer_00314,58,Male,Ranchi,Jharkhand,2026-03-02
C00315,Customer_00315,47,Male,Gaya,Bihar,2026-04-16
C00316,Customer_00316,51,Male,New Delhi,Delhi,2024-04-12
C00317,Customer_00317,54,Female,Jamshedpur,Jharkhand,2025-10-05
C00318,Customer_00318,40,Female,New Delhi,Delhi,2024-07-01
C00319,Customer_00319,51,Female,Nagpur,Maharashtra,2024-10-08
C00320,Customer_00320,39,Female,Jamshedpur,Jharkhand,2025-09-12
C00321,Customer_00321,50,Male,Udaipur,Rajasthan,2024-04-07
C00322,Customer_00322,21,Female,Bengaluru,Karnataka,2024-10-27
C00323,Customer_00323,51,Male,Muzaffarpur,Bihar,2026-01-13
C00324,Customer_00324,60,Male,Patna,Bihar,2024-07-29
C00325,Customer_00325,24,Male,Kanpur,Uttar Pradesh,2026-05-31
C00326,Customer_00326,62,Male,Bengaluru,Karnataka,2025-07-13
C00327,Customer_00327,61,Male,Lucknow,Uttar Pradesh,2024-02-26
C00328,Customer_00328,53,Male,Jamshedpur,Jharkhand,2026-01-10
C00329,Customer_00329,29,Female,Varanasi,Uttar Pradesh,2024-05-17
C00330,Customer_00330,55,Male,Mysuru,Karnataka,2025-04-11
C00331,Customer_00331,38,Female,Lucknow,Uttar Pradesh,2025-06-02
C00332,Customer_00332,28,Female,Udaipur,Rajasthan,2026-02-20
C00333,Customer_00333,52,Male,Ranchi,Jharkhand,2026-01-30
C00334,Customer_00334,36,Female,Surat,Gujarat,2024-10-13
C00335,Customer_00335,58,Male,Bengaluru,Karnataka,2024-12-09
C00336,Customer_00336,46,Female,Jaipur,Rajasthan,2024-08-30
C00337,Customer_00337,65,Female,Muzaffarpur,Bihar,2025-09-01
C00338,Customer_00338,22,Female,Chennai,Tamil Nadu,2025-02-08
C00339,Customer_00339,52,Female,New Delhi,Delhi,2025-06-14
C00340,Customer_00340,39,Male,Bhagalpur,Bihar,2024-10-12
C00341,Customer_00341,58,Female,Patna,Bihar,2025-02-26
C00342,Customer_00342,65,Male,Jamshedpur,Jharkhand,2024-07-21
C00343,Customer_00343,36,Female,Lucknow,Uttar Pradesh,2025-09-26
C00344,Customer_00344,51,Female,Chennai,Tamil Nadu,2024-07-22
C00345,Customer_00345,52,Female,Durgapur,West Bengal,2024-06-18
C00346,Customer_00346,50,Male,Mumbai,Maharashtra,2026-03-30
C00347,Customer_00347,20,Female,Pune,Maharashtra,2024-09-25
C00348,Customer_00348,47,Female,New Delhi,Delhi,2026-06-20
C00349,Customer_00349,20,Female,Surat,Gujarat,2026-05-12
C00350,Customer_00350,37,Female,Nagpur,Maharashtra,2024-03-04
C00351,Customer_00351,60,Male,Muzaffarpur,Bihar,2026-04-15
C00352,Customer_00352,30,Female,New Delhi,Delhi,2024-03-09
C00353,Customer_00353,46,Female,Mysuru,Karnataka,2025-09-08
C00354,Customer_00354,29,Male,Bengaluru,Karnataka,2024-05-27
C00355,Customer_00355,24,Female,Kolkata,West Bengal,2024-07-14
C00356,Customer_00356,63,Male,Kolkata,West Bengal,2024-05-24
C00357,Customer_00357,32,Female,Bengaluru,Karnataka,2026-02-28
C00358,Customer_00358,45,Female,Kanpur,Uttar Pradesh,2025-10-26
C00359,Customer_00359,45,Male,Mysuru,Karnataka,2025-11-10
C00360,Customer_00360,32,Male,Udaipur,Rajasthan,2025-11-14
C00361,Customer_00361,64,Female,Mumbai,Maharashtra,2025-07-02
C00362,Customer_00362,36,Male,Mysuru,Karnataka,2025-10-06
C00363,Customer_00363,23,Male,Patna,Bihar,2024-08-21
C00364,Customer_00364,36,Female,Bengaluru,Karnataka,2024-02-06
C00365,Customer_00365,26,Female,Mysuru,Karnataka,2025-01-19
C00366,Customer_00366,19,Female,Mysuru,Karnataka,2025-07-23
C00367,Customer_00367,26,Female,New Delhi,Delhi,2024-09-10
C00368,Customer_00368,31,Female,Bengaluru,Karnataka,2024-03-23
C00369,Customer_00369,28,Male,Nagpur,Maharashtra,2025-10-22
C00370,Customer_00370,33,Male,Ahmedabad,Gujarat,2024-12-10
C00371,Customer_00371,54,Male,Udaipur,Rajasthan,2024-12-31
C00372,Customer_00372,55,Female,Durgapur,West Bengal,2026-03-24
C00373,Customer_00373,60,Male,Delhi,Delhi,2026-05-06
C00374,Customer_00374,34,Male,Durgapur,West Bengal,2024-09-14
C00375,Customer_00375,35,Female,Gaya,Bihar,2025-08-23
C00376,Customer_00376,54,Female,Surat,Gujarat,2024-03-26
C00377,Customer_00377,21,Male,Nagpur,Maharashtra,2025-03-06
C00378,Customer_00378,47,Female,Jaipur,Rajasthan,2024-12-12
C00379,Customer_00379,43,Male,Bengaluru,Karnataka,2025-10-04
C00380,Customer_00380,22,Male,Nagpur,Maharashtra,2024-11-08
C00381,Customer_00381,46,Male,Mysuru,Karnataka,2026-02-18
C00382,Customer_00382,26,Female,Chennai,Tamil Nadu,2025-06-15
C00383,Customer_00383,54,Male,Kanpur,Uttar Pradesh,2025-08-24
C00384,Customer_00384,63,Female,Jaipur,Rajasthan,2024-06-21
C00385,Customer_00385,34,Male,Kolkata,West Bengal,2025-07-10
C00386,Customer_00386,24,Male,Delhi,Delhi,2024-08-21
C00387,Customer_00387,61,Male,Nagpur,Maharashtra,2026-03-29
C00388,Customer_00388,50,Female,Varanasi,Uttar Pradesh,2024-03-11
C00389,Customer_00389,39,Male,Chennai,Tamil Nadu,2024-12-31
C00390,Customer_00390,42,Female,Lucknow,Uttar Pradesh,2026-05-03
C00391,Customer_00391,57,Female,Udaipur,Rajasthan,2024-08-03
C00392,Customer_00392,56,Male,Kolkata,West Bengal,2024-12-29
C00393,Customer_00393,27,Female,New Delhi,Delhi,2024-02-22
C00394,Customer_00394,22,Female,Kolkata,West Bengal,2025-04-03
C00395,Customer_00395,18,Female,Kolkata,West Bengal,2025-12-02
C00396,Customer_00396,35,Female,Gaya,Bihar,2024-10-21
C00397,Customer_00397,45,Female,Kolkata,West Bengal,2026-01-30
C00398,Customer_00398,57,Male,Nagpur,Maharashtra,2025-05-10
C00399,Customer_00399,56,Male,Surat,Gujarat,2025-09-18
C00400,Customer_00400,44,Male,Surat,Gujarat,2025-01-31
C00401,Customer_00401,24,Female,Chennai,Tamil Nadu,2025-07-22
C00402,Customer_00402,41,Male,Ranchi,Jharkhand,2024-05-29
C00403,Customer_00403,64,Female,Varanasi,Uttar Pradesh,2025-06-03
C00404,Customer_00404,19,Male,Ahmedabad,Gujarat,2026-06-27
C00405,Customer_00405,44,Male,Ranchi,Jharkhand,2024-12-11
C00406,Customer_00406,24,Male,Muzaffarpur,Bihar,2026-05-11
C00407,Customer_00407,61,Male,New Delhi,Delhi,2024-06-29
C00408,Customer_00408,55,Female,New Delhi,Delhi,2025-03-28
C00409,Customer_00409,60,Male,Nagpur,Maharashtra,2024-01-28
C00410,Customer_00410,26,Female,Udaipur,Rajasthan,2025-10-17
C00411,Customer_00411,58,Female,Udaipur,Rajasthan,2024-01-14
C00412,Customer_00412,65,Male,Jamshedpur,Jharkhand,2026-06-02
C00413,Customer_00413,32,Male,Patna,Bihar,2025-08-12
C00414,Customer_00414,33,Male,Lucknow,Uttar Pradesh,2025-11-07
C00415,Customer_00415,28,Female,Durgapur,West Bengal,2025-07-01
C00416,Customer_00416,35,Male,Ranchi,Jharkhand,2024-08-14
C00417,Customer_00417,29,Male,Bhagalpur,Bihar,2024-05-31
C00418,Customer_00418,57,Male,Surat,Gujarat,2025-08-19
C00419,Customer_00419,41,Male,Coimbatore,Tamil Nadu,2024-05-26
C00420,Customer_00420,28,Male,Gaya,Bihar,2024-06-30
C00421,Customer_00421,26,Male,Pune,Maharashtra,2025-10-20
C00422,Customer_00422,52,Male,Bengaluru,Karnataka,2026-01-04
C00423,Customer_00423,50,Male,Jaipur,Rajasthan,2026-03-14
C00424,Customer_00424,47,Female,Chennai,Tamil Nadu,2024-12-17
C00425,Customer_00425,48,Female,Gaya,Bihar,2026-02-28
C00426,Customer_00426,31,Male,Mumbai,Maharashtra,2026-04-26
C00427,Customer_00427,55,Female,Muzaffarpur,Bihar,2025-02-07
C00428,Customer_00428,46,Female,Mysuru,Karnataka,2026-03-26
C00429,Customer_00429,27,Male,Pune,Maharashtra,2024-06-28
C00430,Customer_00430,29,Female,Mysuru,Karnataka,2024-08-23
C00431,Customer_00431,52,Female,Kanpur,Uttar Pradesh,2025-05-17
C00432,Customer_00432,65,Male,Durgapur,West Bengal,2026-05-07
C00433,Customer_00433,20,Male,Bhagalpur,Bihar,2024-08-04
C00434,Customer_00434,49,Female,Bhagalpur,Bihar,2026-01-23
C00435,Customer_00435,24,Female,Durgapur,West Bengal,2024-10-11
C00436,Customer_00436,42,Male,Lucknow,Uttar Pradesh,2025-11-26
C00437,Customer_00437,36,Male,New Delhi,Delhi,2024-01-28
C00438,Customer_00438,31,Male,Lucknow,Uttar Pradesh,2026-06-28
C00439,Customer_00439,38,Male,Ranchi,Jharkhand,2025-09-06
C00440,Customer_00440,56,Female,Bengaluru,Karnataka,2026-05-10
C00441,Customer_00441,25,Female,Lucknow,Uttar Pradesh,2024-08-23
C00442,Customer_00442,48,Female,Durgapur,West Bengal,2026-03-07
C00443,Customer_00443,64,Female,Coimbatore,Tamil Nadu,2026-03-09
C00444,Customer_00444,40,Male,Durgapur,West Bengal,2026-06-17
C00445,Customer_00445,43,Female,New Delhi,Delhi,2024-07-09
C00446,Customer_00446,43,Male,Patna,Bihar,2024-11-26
C00447,Customer_00447,40,Male,Patna,Bihar,2025-07-01
C00448,Customer_00448,42,Male,Chennai,Tamil Nadu,2024-06-03
C00449,Customer_00449,33,Male,Jaipur,Rajasthan,2024-04-24
C00450,Customer_00450,40,Female,Coimbatore,Tamil Nadu,2025-11-16
C00451,Customer_00451,48,Male,Bhagalpur,Bihar,2024-12-04
C00452,Customer_00452,51,Female,Ranchi,Jharkhand,2024-01-05
C00453,Customer_00453,45,Male,Lucknow,Uttar Pradesh,2026-04-21
C00454,Customer_00454,52,Female,Lucknow,Uttar Pradesh,2024-07-07
C00455,Customer_00455,37,Female,Bengaluru,Karnataka,2024-01-07
C00456,Customer_00456,50,Male,Gaya,Bihar,2026-06-08
C00457,Customer_00457,32,Female,Kolkata,West Bengal,2024-02-09
C00458,Customer_00458,46,Male,Jamshedpur,Jharkhand,2025-05-13
C00459,Customer_00459,56,Male,Coimbatore,Tamil Nadu,2026-04-29
C00460,Customer_00460,51,Male,Kanpur,Uttar Pradesh,2024-03-11
C00461,Customer_00461,20,Male,Bengaluru,Karnataka,2026-04-12
C00462,Customer_00462,48,Male,Jaipur,Rajasthan,2025-08-21
C00463,Customer_00463,38,Female,Ranchi,Jharkhand,2025-09-13
C00464,Customer_00464,26,Female,Patna,Bihar,2025-03-01
C00465,Customer_00465,23,Female,Nagpur,Maharashtra,2024-04-27
C00466,Customer_00466,41,Female,Nagpur,Maharashtra,2025-09-16
C00467,Customer_00467,25,Female,Bengaluru,Karnataka,2025-11-04
C00468,Customer_00468,28,Female,Mysuru,Karnataka,2025-03-18
C00469,Customer_00469,23,Male,Patna,Bihar,2026-04-12
C00470,Customer_00470,61,Female,Pune,Maharashtra,2026-05-18
C00471,Customer_00471,34,Female,Nagpur,Maharashtra,2024-09-22
C00472,Customer_00472,23,Male,Pune,Maharashtra,2024-12-11
C00473,Customer_00473,42,Female,Varanasi,Uttar Pradesh,2024-07-22
C00474,Customer_00474,34,Female,New Delhi,Delhi,2025-05-06
C00475,Customer_00475,20,Male,Jamshedpur,Jharkhand,2025-07-22
C00476,Customer_00476,54,Female,Chennai,Tamil Nadu,2025-05-17
C00477,Customer_00477,49,Female,Durgapur,West Bengal,2024-05-03
C00478,Customer_00478,31,Male,Surat,Gujarat,2026-02-04
C00479,Customer_00479,34,Male,Surat,Gujarat,2026-04-13
C00480,Customer_00480,50,Male,Patna,Bihar,2025-10-21
C00481,Customer_00481,43,Male,Gaya,Bihar,2024-09-27
C00482,Customer_00482,56,Female,Durgapur,West Bengal,2024-06-09
C00483,Customer_00483,44,Male,Mysuru,Karnataka,2024-12-30
C00484,Customer_00484,45,Male,Gaya,Bihar,2024-01-21
C00485,Customer_00485,26,Female,Bhagalpur,Bihar,2025-04-08
C00486,Customer_00486,33,Female,Delhi,Delhi,2024-03-26
C00487,Customer_00487,61,Male,Lucknow,Uttar Pradesh,2024-04-01
C00488,Customer_00488,37,Female,Bengaluru,Karnataka,2024-11-14
C00489,Customer_00489,45,Female,Udaipur,Rajasthan,2024-07-11
C00490,Customer_00490,33,Male,Kanpur,Uttar Pradesh,2025-05-09
C00491,Customer_00491,57,Female,Coimbatore,Tamil Nadu,2025-06-25
C00492,Customer_00492,50,Female,Pune,Maharashtra,2024-11-06
C00493,Customer_00493,54,Male,Bengaluru,Karnataka,2026-02-03
C00494,Customer_00494,64,Male,Varanasi,Uttar Pradesh,2024-09-02
C00495,Customer_00495,61,Male,Nagpur,Maharashtra,2026-04-01
C00496,Customer_00496,30,Female,Jamshedpur,Jharkhand,2025-08-15
C00497,Customer_00497,55,Male,Coimbatore,Tamil Nadu,2024-07-06
C00498,Customer_00498,24,Male,Muzaffarpur,Bihar,2024-09-30
C00499,Customer_00499,48,Male,Mumbai,Maharashtra,2024-12-30
C00500,Customer_00500,20,Female,Chennai,Tamil Nadu,2025-10-01
C00501,Customer_00501,47,Male,Jaipur,Rajasthan,2026-06-28
C00502,Customer_00502,37,Female,Jamshedpur,Jharkhand,2024-02-13
C00503,Customer_00503,44,Female,Kanpur,Uttar Pradesh,2026-03-31
C00504,Customer_00504,43,Female,Lucknow,Uttar Pradesh,2026-01-23
C00505,Customer_00505,24,Male,Surat,Gujarat,2024-10-16
C00506,Customer_00506,52,Female,Gaya,Bihar,2025-01-02
C00507,Customer_00507,58,Male,Bengaluru,Karnataka,2025-05-19
C00508,Customer_00508,60,Male,New Delhi,Delhi,2025-01-02
C00509,Customer_00509,20,Female,Ranchi,Jharkhand,2024-05-20
C00510,Customer_00510,36,Female,Ranchi,Jharkhand,2025-07-21
C00511,Customer_00511,20,Female,Ahmedabad,Gujarat,2026-01-17
C00512,Customer_00512,59,Male,Udaipur,Rajasthan,2026-01-23
C00513,Customer_00513,61,Female,Delhi,Delhi,2024-07-10
C00514,Customer_00514,44,Female,Mumbai,Maharashtra,2024-10-18
C00515,Customer_00515,60,Male,Bengaluru,Karnataka,2026-05-29
C00516,Customer_00516,45,Male,Chennai,Tamil Nadu,2024-07-22
C00517,Customer_00517,54,Female,Patna,Bihar,2024-11-12
C00518,Customer_00518,40,Male,Bengaluru,Karnataka,2025-11-20
C00519,Customer_00519,40,Male,Surat,Gujarat,2025-05-22
C00520,Customer_00520,65,Male,Ranchi,Jharkhand,2026-02-03
C00521,Customer_00521,54,Female,Ahmedabad,Gujarat,2025-11-26
C00522,Customer_00522,27,Male,Kolkata,West Bengal,2025-04-23
C00523,Customer_00523,46,Male,Surat,Gujarat,2024-02-28
C00524,Customer_00524,34,Female,New Delhi,Delhi,2025-05-19
C00525,Customer_00525,26,Female,Bhagalpur,Bihar,2025-10-25
C00526,Customer_00526,37,Male,Varanasi,Uttar Pradesh,2024-12-23
C00527,Customer_00527,25,Female,Kolkata,West Bengal,2024-08-24
C00528,Customer_00528,26,Male,Kolkata,West Bengal,2025-05-04
C00529,Customer_00529,60,Female,Kanpur,Uttar Pradesh,2026-02-18
C00530,Customer_00530,65,Male,Ranchi,Jharkhand,2024-07-25
C00531,Customer_00531,48,Female,Mysuru,Karnataka,2025-03-14
C00532,Customer_00532,48,Female,Mumbai,Maharashtra,2025-06-11
C00533,Customer_00533,23,Male,Bhagalpur,Bihar,2025-10-08
C00534,Customer_00534,44,Female,Bengaluru,Karnataka,2026-05-08
C00535,Customer_00535,47,Male,Bengaluru,Karnataka,2026-06-28
C00536,Customer_00536,63,Female,Pune,Maharashtra,2025-03-16
C00537,Customer_00537,34,Male,Durgapur,West Bengal,2024-05-22
C00538,Customer_00538,31,Female,Kanpur,Uttar Pradesh,2025-06-12
C00539,Customer_00539,36,Female,Udaipur,Rajasthan,2024-07-12
C00540,Customer_00540,40,Male,Jamshedpur,Jharkhand,2025-01-29
C00541,Customer_00541,59,Male,Jaipur,Rajasthan,2024-01-19
C00542,Customer_00542,29,Female,Bengaluru,Karnataka,2024-02-19
C00543,Customer_00543,51,Male,Surat,Gujarat,2025-06-02
C00544,Customer_00544,22,Female,Kolkata,West Bengal,2024-07-03
C00545,Customer_00545,56,Male,New Delhi,Delhi,2026-01-14
C00546,Customer_00546,39,Male,Coimbatore,Tamil Nadu,2025-12-05
C00547,Customer_00547,34,Male,Durgapur,West Bengal,2024-07-25
C00548,Customer_00548,39,Female,Muzaffarpur,Bihar,2025-01-06
C00549,Customer_00549,65,Male,Muzaffarpur,Bihar,2024-07-11
C00550,Customer_00550,56,Male,Kanpur,Uttar Pradesh,2024-06-03
C00551,Customer_00551,45,Male,Nagpur,Maharashtra,2025-05-18
C00552,Customer_00552,32,Female,Mysuru,Karnataka,2024-10-26
C00553,Customer_00553,30,Female,Kanpur,Uttar Pradesh,2026-02-25
C00554,Customer_00554,50,Female,Surat,Gujarat,2026-05-09
C00555,Customer_00555,40,Female,Kanpur,Uttar Pradesh,2025-04-18
C00556,Customer_00556,51,Male,Jaipur,Rajasthan,2024-06-09
C00557,Customer_00557,59,Female,Coimbatore,Tamil Nadu,2025-06-29
C00558,Customer_00558,41,Male,Delhi,Delhi,2024-03-10
C00559,Customer_00559,20,Female,Kolkata,West Bengal,2025-12-24
C00560,Customer_00560,28,Male,Kanpur,Uttar Pradesh,2026-06-18
C00561,Customer_00561,36,Male,Muzaffarpur,Bihar,2026-02-24
C00562,Customer_00562,24,Male,Chennai,Tamil Nadu,2024-07-31
C00563,Customer_00563,28,Female,Ranchi,Jharkhand,2024-05-10
C00564,Customer_00564,61,Male,Udaipur,Rajasthan,2024-04-10
C00565,Customer_00565,23,Male,Gaya,Bihar,2025-08-21
C00566,Customer_00566,26,Female,Ranchi,Jharkhand,2025-06-27
C00567,Customer_00567,57,Female,Kolkata,West Bengal,2026-05-15
C00568,Customer_00568,29,Male,Coimbatore,Tamil Nadu,2024-03-02
C00569,Customer_00569,53,Male,Kolkata,West Bengal,2025-10-05
C00570,Customer_00570,38,Female,Gaya,Bihar,2026-01-09
C00571,Customer_00571,36,Male,Kolkata,West Bengal,2025-01-28
C00572,Customer_00572,40,Female,Bhagalpur,Bihar,2025-02-04
C00573,Customer_00573,34,Male,Jamshedpur,Jharkhand,2026-04-12
C00574,Customer_00574,55,Female,Varanasi,Uttar Pradesh,2024-09-26
C00575,Customer_00575,31,Female,Pune,Maharashtra,2026-06-05
C00576,Customer_00576,20,Male,Mumbai,Maharashtra,2025-01-05
C00577,Customer_00577,56,Female,Bengaluru,Karnataka,2026-01-16
C00578,Customer_00578,60,Male,Mysuru,Karnataka,2024-03-17
C00579,Customer_00579,46,Female,Mumbai,Maharashtra,2024-06-07
C00580,Customer_00580,37,Female,Mysuru,Karnataka,2024-04-30
C00581,Customer_00581,60,Male,Nagpur,Maharashtra,2026-06-10
C00582,Customer_00582,54,Female,Mysuru,Karnataka,2026-02-26
C00583,Customer_00583,35,Female,Varanasi,Uttar Pradesh,2026-05-04
C00584,Customer_00584,37,Male,Pune,Maharashtra,2025-11-25
C00585,Customer_00585,36,Male,Varanasi,Uttar Pradesh,2024-01-27
C00586,Customer_00586,31,Female,Kolkata,West Bengal,2025-12-01
C00587,Customer_00587,49,Female,Pune,Maharashtra,2024-01-20
C00588,Customer_00588,42,Male,Jaipur,Rajasthan,2024-07-10
C00589,Customer_00589,63,Female,Jamshedpur,Jharkhand,2024-03-17
C00590,Customer_00590,61,Male,Kanpur,Uttar Pradesh,2024-04-30
C00591,Customer_00591,62,Female,Bengaluru,Karnataka,2025-01-07
C00592,Customer_00592,56,Female,Pune,Maharashtra,2025-06-15
C00593,Customer_00593,54,Female,Mumbai,Maharashtra,2026-05-17
C00594,Customer_00594,24,Male,Bhagalpur,Bihar,2025-02-19
C00595,Customer_00595,32,Male,Jaipur,Rajasthan,2024-07-17
C00596,Customer_00596,41,Female,Durgapur,West Bengal,2025-08-12
C00597,Customer_00597,54,Female,New Delhi,Delhi,2026-04-18
C00598,Customer_00598,57,Male,Udaipur,Rajasthan,2024-10-09
C00599,Customer_00599,20,Male,Mumbai,Maharashtra,2024-10-25
C00600,Customer_00600,24,Male,Surat,Gujarat,2024-09-06
C00601,Customer_00601,30,Female,Nagpur,Maharashtra,2024-03-21
C00602,Customer_00602,58,Female,Ahmedabad,Gujarat,2025-04-22
C00603,Customer_00603,24,Female,New Delhi,Delhi,2025-03-22
C00604,Customer_00604,26,Female,Gaya,Bihar,2026-04-03
C00605,Customer_00605,27,Male,Kolkata,West Bengal,2025-08-23
C00606,Customer_00606,50,Male,Jaipur,Rajasthan,2025-06-29
C00607,Customer_00607,39,Male,Delhi,Delhi,2025-10-01
C00608,Customer_00608,20,Male,Pune,Maharashtra,2024-05-28
C00609,Customer_00609,57,Female,Gaya,Bihar,2024-12-15
C00610,Customer_00610,52,Male,Gaya,Bihar,2025-01-03
C00611,Customer_00611,22,Male,New Delhi,Delhi,2025-03-26
C00612,Customer_00612,18,Female,Patna,Bihar,2024-08-29
C00613,Customer_00613,53,Male,Bhagalpur,Bihar,2025-08-09
C00614,Customer_00614,28,Male,Ranchi,Jharkhand,2026-02-08
C00615,Customer_00615,51,Male,Jamshedpur,Jharkhand,2024-07-24
C00616,Customer_00616,49,Female,Varanasi,Uttar Pradesh,2025-03-06
C00617,Customer_00617,56,Female,Bhagalpur,Bihar,2025-11-03
C00618,Customer_00618,46,Male,Jaipur,Rajasthan,2024-12-28
C00619,Customer_00619,52,Female,New Delhi,Delhi,2025-11-18
C00620,Customer_00620,20,Male,Lucknow,Uttar Pradesh,2024-07-17
C00621,Customer_00621,46,Female,Coimbatore,Tamil Nadu,2025-07-21
C00622,Customer_00622,32,Female,Lucknow,Uttar Pradesh,2025-05-26
C00623,Customer_00623,50,Female,Mysuru,Karnataka,2024-10-25
C00624,Customer_00624,57,Female,Bengaluru,Karnataka,2025-12-09
C00625,Customer_00625,42,Female,Jamshedpur,Jharkhand,2024-05-06
C00626,Customer_00626,43,Female,Durgapur,West Bengal,2024-09-02
C00627,Customer_00627,59,Male,Jaipur,Rajasthan,2024-06-04
C00628,Customer_00628,18,Male,Ahmedabad,Gujarat,2024-07-06
C00629,Customer_00629,36,Male,Kolkata,West Bengal,2026-04-24
C00630,Customer_00630,44,Male,Jaipur,Rajasthan,2026-06-20
C00631,Customer_00631,19,Male,Delhi,Delhi,2024-10-14
C00632,Customer_00632,49,Female,New Delhi,Delhi,2024-04-15
C00633,Customer_00633,38,Female,Gaya,Bihar,2024-07-21
C00634,Customer_00634,45,Male,Bengaluru,Karnataka,2025-03-17
C00635,Customer_00635,34,Female,Bengaluru,Karnataka,2024-08-28
C00636,Customer_00636,44,Female,Durgapur,West Bengal,2025-01-16
C00637,Customer_00637,26,Female,Mysuru,Karnataka,2025-03-20
C00638,Customer_00638,54,Male,Jaipur,Rajasthan,2024-03-15
C00639,Customer_00639,25,Male,Delhi,Delhi,2025-05-29
C00640,Customer_00640,20,Female,Coimbatore,Tamil Nadu,2024-05-03
C00641,Customer_00641,45,Male,Mumbai,Maharashtra,2024-03-14
C00642,Customer_00642,43,Female,Delhi,Delhi,2024-02-10
C00643,Customer_00643,26,Female,Udaipur,Rajasthan,2024-08-31
C00644,Customer_00644,49,Female,Bengaluru,Karnataka,2026-02-27
C00645,Customer_00645,62,Male,Varanasi,Uttar Pradesh,2025-02-28
C00646,Customer_00646,63,Female,Bengaluru,Karnataka,2024-09-07
C00647,Customer_00647,59,Female,Varanasi,Uttar Pradesh,2024-11-02
C00648,Customer_00648,30,Female,Mysuru,Karnataka,2025-02-19
C00649,Customer_00649,21,Male,Ranchi,Jharkhand,2024-10-24
C00650,Customer_00650,32,Female,Bengaluru,Karnataka,2026-03-13
C00651,Customer_00651,19,Female,Bengaluru,Karnataka,2026-02-15
C00652,Customer_00652,57,Male,Ahmedabad,Gujarat,2026-04-19
C00653,Customer_00653,58,Female,Surat,Gujarat,2026-01-09
C00654,Customer_00654,55,Male,Surat,Gujarat,2024-03-15
C00655,Customer_00655,41,Female,Kolkata,West Bengal,2024-10-24
C00656,Customer_00656,22,Male,Varanasi,Uttar Pradesh,2026-06-30
C00657,Customer_00657,39,Female,Bengaluru,Karnataka,2025-06-24
C00658,Customer_00658,49,Female,New Delhi,Delhi,2024-10-31
C00659,Customer_00659,63,Male,Pune,Maharashtra,2024-06-13
C00660,Customer_00660,65,Male,Pune,Maharashtra,2025-06-09
C00661,Customer_00661,52,Male,Jamshedpur,Jharkhand,2024-11-01
C00662,Customer_00662,37,Female,Ahmedabad,Gujarat,2024-11-23
C00663,Customer_00663,48,Female,Chennai,Tamil Nadu,2024-02-08
C00664,Customer_00664,56,Male,New Delhi,Delhi,2026-03-20
C00665,Customer_00665,23,Male,Kanpur,Uttar Pradesh,2025-04-18
C00666,Customer_00666,47,Male,Delhi,Delhi,2026-02-15
C00667,Customer_00667,60,Female,New Delhi,Delhi,2026-02-07
C00668,Customer_00668,26,Male,Chennai,Tamil Nadu,2024-02-02
C00669,Customer_00669,33,Female,Muzaffarpur,Bihar,2024-06-22
C00670,Customer_00670,62,Female,Delhi,Delhi,2024-12-27
C00671,Customer_00671,60,Male,Jamshedpur,Jharkhand,2025-03-30
C00672,Customer_00672,25,Male,Muzaffarpur,Bihar,2024-06-17
C00673,Customer_00673,52,Female,Ahmedabad,Gujarat,2024-04-03
C00674,Customer_00674,44,Female,Ranchi,Jharkhand,2025-05-23
C00675,Customer_00675,33,Male,Kolkata,West Bengal,2025-02-05
C00676,Customer_00676,32,Female,Mysuru,Karnataka,2025-05-22
C00677,Customer_00677,32,Male,Jamshedpur,Jharkhand,2024-05-22
C00678,Customer_00678,54,Male,Ranchi,Jharkhand,2026-04-10
C00679,Customer_00679,35,Male,Durgapur,West Bengal,2025-12-17
C00680,Customer_00680,27,Female,Surat,Gujarat,2024-11-04
C00681,Customer_00681,34,Female,Mumbai,Maharashtra,2026-01-03
C00682,Customer_00682,22,Male,Mysuru,Karnataka,2025-01-20
C00683,Customer_00683,56,Male,Mumbai,Maharashtra,2024-07-22
C00684,Customer_00684,23,Female,Bhagalpur,Bihar,2024-05-18
C00685,Customer_00685,50,Male,Bengaluru,Karnataka,2026-01-16
C00686,Customer_00686,35,Female,Bengaluru,Karnataka,2024-06-25
C00687,Customer_00687,64,Female,Nagpur,Maharashtra,2026-05-28
C00688,Customer_00688,64,Female,Bengaluru,Karnataka,2025-05-08
C00689,Customer_00689,52,Female,Delhi,Delhi,2024-09-04
C00690,Customer_00690,21,Male,Mysuru,Karnataka,2026-05-25
C00691,Customer_00691,51,Male,Bhagalpur,Bihar,2026-05-20
C00692,Customer_00692,41,Female,Ranchi,Jharkhand,2025-07-02
C00693,Customer_00693,41,Female,Bengaluru,Karnataka,2025-05-04
C00694,Customer_00694,45,Male,Bhagalpur,Bihar,2024-05-29
C00695,Customer_00695,33,Male,Jamshedpur,Jharkhand,2024-01-31
C00696,Customer_00696,33,Female,Bhagalpur,Bihar,2025-01-02
C00697,Customer_00697,32,Male,Delhi,Delhi,2025-10-05
C00698,Customer_00698,31,Female,Patna,Bihar,2024-08-21
C00699,Customer_00699,24,Male,New Delhi,Delhi,2026-03-18
C00700,Customer_00700,58,Female,Mumbai,Maharashtra,2025-11-19
C00701,Customer_00701,53,Female,Bhagalpur,Bihar,2024-08-15
C00702,Customer_00702,61,Male,Varanasi,Uttar Pradesh,2024-03-27
C00703,Customer_00703,27,Female,Muzaffarpur,Bihar,2025-09-09
C00704,Customer_00704,21,Female,Chennai,Tamil Nadu,2024-09-09
C00705,Customer_00705,26,Female,Mysuru,Karnataka,2025-04-07
C00706,Customer_00706,47,Male,Mumbai,Maharashtra,2024-01-19
C00707,Customer_00707,29,Female,Surat,Gujarat,2025-02-21
C00708,Customer_00708,48,Female,Mumbai,Maharashtra,2026-04-18
C00709,Customer_00709,26,Male,Durgapur,West Bengal,2025-01-21
C00710,Customer_00710,32,Female,Kolkata,West Bengal,2025-11-03
C00711,Customer_00711,30,Female,Jaipur,Rajasthan,2025-12-06
C00712,Customer_00712,26,Male,Pune,Maharashtra,2026-03-01
C00713,Customer_00713,57,Male,Surat,Gujarat,2024-10-22
C00714,Customer_00714,47,Male,Muzaffarpur,Bihar,2026-04-20
C00715,Customer_00715,59,Male,Mumbai,Maharashtra,2024-02-20
C00716,Customer_00716,23,Male,Durgapur,West Bengal,2026-05-07
C00717,Customer_00717,18,Female,Mysuru,Karnataka,2026-03-04
C00718,Customer_00718,60,Male,Bengaluru,Karnataka,2024-12-13
C00719,Customer_00719,37,Female,Muzaffarpur,Bihar,2025-06-07
C00720,Customer_00720,41,Male,Kolkata,West Bengal,2026-02-21
C00721,Customer_00721,24,Female,Bengaluru,Karnataka,2024-11-29
C00722,Customer_00722,50,Female,Jaipur,Rajasthan,2024-10-09
C00723,Customer_00723,58,Female,Jamshedpur,Jharkhand,2026-01-13
C00724,Customer_00724,33,Female,Lucknow,Uttar Pradesh,2024-06-09
C00725,Customer_00725,41,Female,Mysuru,Karnataka,2024-02-27
C00726,Customer_00726,47,Female,Kolkata,West Bengal,2025-02-10
C00727,Customer_00727,62,Female,Mumbai,Maharashtra,2025-02-04
C00728,Customer_00728,60,Female,Jaipur,Rajasthan,2026-04-05
C00729,Customer_00729,64,Male,Ahmedabad,Gujarat,2026-05-16
C00730,Customer_00730,25,Female,Varanasi,Uttar Pradesh,2025-09-30
C00731,Customer_00731,29,Male,New Delhi,Delhi,2025-10-08
C00732,Customer_00732,25,Female,Pune,Maharashtra,2025-03-31
C00733,Customer_00733,41,Female,Durgapur,West Bengal,2024-06-21
C00734,Customer_00734,20,Female,Kanpur,Uttar Pradesh,2024-04-22
C00735,Customer_00735,43,Female,Ranchi,Jharkhand,2026-06-12
C00736,Customer_00736,46,Female,Ranchi,Jharkhand,2025-03-31
C00737,Customer_00737,30,Male,Durgapur,West Bengal,2026-02-04
C00738,Customer_00738,47,Male,Kolkata,West Bengal,2024-01-23
C00739,Customer_00739,26,Female,Ranchi,Jharkhand,2024-05-09
C00740,Customer_00740,53,Male,Patna,Bihar,2024-01-07
C00741,Customer_00741,19,Female,Bengaluru,Karnataka,2025-11-28
C00742,Customer_00742,41,Female,Jaipur,Rajasthan,2025-09-14
C00743,Customer_00743,24,Female,Ahmedabad,Gujarat,2026-03-03
C00744,Customer_00744,62,Female,Coimbatore,Tamil Nadu,2025-02-18
C00745,Customer_00745,30,Male,Pune,Maharashtra,2024-07-15
C00746,Customer_00746,47,Male,Mysuru,Karnataka,2026-03-06
C00747,Customer_00747,41,Male,Bhagalpur,Bihar,2024-09-19
C00748,Customer_00748,36,Female,Surat,Gujarat,2024-07-20
C00749,Customer_00749,30,Male,Surat,Gujarat,2024-01-05
C00750,Customer_00750,57,Female,New Delhi,Delhi,2025-08-25
C00751,Customer_00751,39,Female,New Delhi,Delhi,2025-04-25
C00752,Customer_00752,42,Female,Gaya,Bihar,2024-03-02
C00753,Customer_00753,55,Male,Nagpur,Maharashtra,2024-04-09
C00754,Customer_00754,51,Female,Chennai,Tamil Nadu,2025-07-11
C00755,Customer_00755,64,Male,Patna,Bihar,2025-07-30
C00756,Customer_00756,43,Male,Surat,Gujarat,2026-03-23
C00757,Customer_00757,59,Male,Ahmedabad,Gujarat,2025-03-23
C00758,Customer_00758,38,Male,Mumbai,Maharashtra,2024-03-12
C00759,Customer_00759,41,Male,Chennai,Tamil Nadu,2024-05-23
C00760,Customer_00760,30,Female,Kolkata,West Bengal,2024-07-29
C00761,Customer_00761,30,Female,Kolkata,West Bengal,2025-04-21
C00762,Customer_00762,34,Male,Durgapur,West Bengal,2024-06-05
C00763,Customer_00763,51,Male,Kanpur,Uttar Pradesh,2024-08-13
C00764,Customer_00764,58,Female,Surat,Gujarat,2025-02-15
C00765,Customer_00765,35,Male,Jamshedpur,Jharkhand,2025-10-29
C00766,Customer_00766,27,Male,Gaya,Bihar,2024-06-12
C00767,Customer_00767,65,Male,Durgapur,West Bengal,2025-02-06
C00768,Customer_00768,37,Female,Muzaffarpur,Bihar,2025-08-22
C00769,Customer_00769,25,Male,Kolkata,West Bengal,2024-12-13
C00770,Customer_00770,37,Female,Pune,Maharashtra,2025-03-09
C00771,Customer_00771,64,Male,Mysuru,Karnataka,2024-06-15
C00772,Customer_00772,53,Female,Lucknow,Uttar Pradesh,2025-09-27
C00773,Customer_00773,18,Male,Pune,Maharashtra,2025-10-08
C00774,Customer_00774,50,Male,Nagpur,Maharashtra,2024-03-06
C00775,Customer_00775,43,Female,Kanpur,Uttar Pradesh,2024-05-31
C00776,Customer_00776,64,Male,Lucknow,Uttar Pradesh,2024-09-07
C00777,Customer_00777,31,Male,Bengaluru,Karnataka,2025-07-06
C00778,Customer_00778,37,Female,Durgapur,West Bengal,2026-01-25
C00779,Customer_00779,42,Male,Bengaluru,Karnataka,2024-11-29
C00780,Customer_00780,27,Female,Varanasi,Uttar Pradesh,2025-01-05
C00781,Customer_00781,27,Female,Jamshedpur,Jharkhand,2026-03-12
C00782,Customer_00782,43,Female,Durgapur,West Bengal,2024-06-12
C00783,Customer_00783,31,Male,Surat,Gujarat,2025-05-10
C00784,Customer_00784,28,Male,Pune,Maharashtra,2026-04-20
C00785,Customer_00785,47,Male,Jaipur,Rajasthan,2025-09-25
C00786,Customer_00786,21,Female,Muzaffarpur,Bihar,2026-04-10
C00787,Customer_00787,35,Female,Delhi,Delhi,2025-02-26
C00788,Customer_00788,55,Female,Gaya,Bihar,2024-03-26
C00789,Customer_00789,20,Female,Muzaffarpur,Bihar,2025-09-22
C00790,Customer_00790,32,Male,Patna,Bihar,2025-05-12
C00791,Customer_00791,35,Female,Mysuru,Karnataka,2026-06-28
C00792,Customer_00792,59,Female,Varanasi,Uttar Pradesh,2024-09-01
C00793,Customer_00793,46,Female,Lucknow,Uttar Pradesh,2026-05-15
C00794,Customer_00794,25,Male,Lucknow,Uttar Pradesh,2026-04-22
C00795,Customer_00795,30,Female,Kolkata,West Bengal,2024-08-25
C00796,Customer_00796,20,Male,Kolkata,West Bengal,2025-11-10
C00797,Customer_00797,55,Female,Lucknow,Uttar Pradesh,2026-06-29
C00798,Customer_00798,29,Male,Varanasi,Uttar Pradesh,2026-05-08
C00799,Customer_00799,18,Female,Durgapur,West Bengal,2024-03-31
C00800,Customer_00800,39,Female,Varanasi,Uttar Pradesh,2024-11-09
C00801,Customer_00801,25,Female,Jamshedpur,Jharkhand,2024-12-08
C00802,Customer_00802,26,Female,Bengaluru,Karnataka,2024-07-10
C00803,Customer_00803,54,Male,Lucknow,Uttar Pradesh,2026-02-06
C00804,Customer_00804,35,Female,Kolkata,West Bengal,2025-11-08
C00805,Customer_00805,31,Female,Kolkata,West Bengal,2026-06-16
C00806,Customer_00806,65,Male,Mysuru,Karnataka,2025-07-28
C00807,Customer_00807,22,Female,Kolkata,West Bengal,2025-04-30
C00808,Customer_00808,43,Female,Coimbatore,Tamil Nadu,2025-09-24
C00809,Customer_00809,64,Female,Varanasi,Uttar Pradesh,2026-02-05
C00810,Customer_00810,59,Male,Ranchi,Jharkhand,2024-06-17
C00811,Customer_00811,63,Female,Lucknow,Uttar Pradesh,2025-04-26
C00812,Customer_00812,23,Male,Lucknow,Uttar Pradesh,2026-04-20
C00813,Customer_00813,33,Male,Pune,Maharashtra,2024-03-27
C00814,Customer_00814,52,Female,Mumbai,Maharashtra,2024-05-28
C00815,Customer_00815,36,Male,Varanasi,Uttar Pradesh,2025-02-11
C00816,Customer_00816,55,Female,Patna,Bihar,2026-01-13
C00817,Customer_00817,41,Female,Delhi,Delhi,2024-06-08
C00818,Customer_00818,38,Female,Ahmedabad,Gujarat,2025-10-18
C00819,Customer_00819,18,Male,Kolkata,West Bengal,2025-03-15
C00820,Customer_00820,57,Female,Mysuru,Karnataka,2024-12-14
C00821,Customer_00821,45,Female,Patna,Bihar,2024-09-29
C00822,Customer_00822,21,Female,Pune,Maharashtra,2026-06-29
C00823,Customer_00823,60,Female,Nagpur,Maharashtra,2025-06-11
C00824,Customer_00824,43,Male,Chennai,Tamil Nadu,2025-04-06
C00825,Customer_00825,55,Female,Ahmedabad,Gujarat,2026-05-23
C00826,Customer_00826,39,Female,Durgapur,West Bengal,2024-06-29
C00827,Customer_00827,25,Male,Durgapur,West Bengal,2024-10-21
C00828,Customer_00828,45,Female,Muzaffarpur,Bihar,2024-08-31
C00829,Customer_00829,44,Male,Bengaluru,Karnataka,2024-12-10
C00830,Customer_00830,44,Male,Lucknow,Uttar Pradesh,2026-01-22
C00831,Customer_00831,40,Male,Muzaffarpur,Bihar,2024-10-30
C00832,Customer_00832,23,Male,Delhi,Delhi,2026-05-09
C00833,Customer_00833,49,Male,Durgapur,West Bengal,2024-08-20
C00834,Customer_00834,36,Male,Durgapur,West Bengal,2025-03-23
C00835,Customer_00835,41,Female,Udaipur,Rajasthan,2026-06-22
C00836,Customer_00836,25,Female,Pune,Maharashtra,2025-04-24
C00837,Customer_00837,18,Male,Coimbatore,Tamil Nadu,2025-12-03
C00838,Customer_00838,43,Female,Durgapur,West Bengal,2024-03-15
C00839,Customer_00839,56,Female,Nagpur,Maharashtra,2026-03-07
C00840,Customer_00840,63,Female,Gaya,Bihar,2024-12-24
C00841,Customer_00841,53,Female,Bhagalpur,Bihar,2026-01-09
C00842,Customer_00842,27,Male,Jamshedpur,Jharkhand,2025-06-08
C00843,Customer_00843,52,Female,Jaipur,Rajasthan,2026-01-01
C00844,Customer_00844,30,Female,Bengaluru,Karnataka,2024-10-03
C00845,Customer_00845,38,Female,Ranchi,Jharkhand,2025-01-14
C00846,Customer_00846,53,Female,Bengaluru,Karnataka,2025-11-17
C00847,Customer_00847,54,Female,Mumbai,Maharashtra,2024-08-07
C00848,Customer_00848,48,Male,Ahmedabad,Gujarat,2024-01-28
C00849,Customer_00849,27,Male,Bhagalpur,Bihar,2025-04-11
C00850,Customer_00850,55,Female,Mysuru,Karnataka,2025-12-30
C00851,Customer_00851,54,Female,Mysuru,Karnataka,2026-01-23
C00852,Customer_00852,25,Female,Chennai,Tamil Nadu,2025-11-29
C00853,Customer_00853,24,Male,Ahmedabad,Gujarat,2025-01-12
C00854,Customer_00854,53,Female,Mysuru,Karnataka,2025-05-22
C00855,Customer_00855,19,Male,Nagpur,Maharashtra,2026-03-03
C00856,Customer_00856,37,Male,Patna,Bihar,2026-01-22
C00857,Customer_00857,60,Female,New Delhi,Delhi,2026-02-16
C00858,Customer_00858,57,Female,Bhagalpur,Bihar,2025-01-27
C00859,Customer_00859,45,Female,Bengaluru,Karnataka,2026-06-04
C00860,Customer_00860,33,Male,Patna,Bihar,2026-01-30
C00861,Customer_00861,38,Male,Lucknow,Uttar Pradesh,2025-12-02
C00862,Customer_00862,22,Female,Muzaffarpur,Bihar,2025-12-29
C00863,Customer_00863,49,Male,Varanasi,Uttar Pradesh,2024-09-27
C00864,Customer_00864,24,Female,Jamshedpur,Jharkhand,2024-01-24
C00865,Customer_00865,36,Female,Nagpur,Maharashtra,2025-10-10
C00866,Customer_00866,20,Male,Kanpur,Uttar Pradesh,2026-02-15
C00867,Customer_00867,29,Male,Bengaluru,Karnataka,2024-05-29
C00868,Customer_00868,47,Female,Coimbatore,Tamil Nadu,2024-07-19
C00869,Customer_00869,30,Male,Delhi,Delhi,2024-01-18
C00870,Customer_00870,55,Female,Mysuru,Karnataka,2025-12-22
C00871,Customer_00871,54,Female,Bengaluru,Karnataka,2025-07-19
C00872,Customer_00872,23,Female,Jamshedpur,Jharkhand,2024-11-24
C00873,Customer_00873,50,Female,Ahmedabad,Gujarat,2026-02-02
C00874,Customer_00874,37,Male,Nagpur,Maharashtra,2024-03-09
C00875,Customer_00875,43,Female,Patna,Bihar,2026-06-27
C00876,Customer_00876,23,Male,Kolkata,West Bengal,2026-06-15
C00877,Customer_00877,23,Male,Kanpur,Uttar Pradesh,2024-08-16
C00878,Customer_00878,43,Male,Ranchi,Jharkhand,2025-03-28
C00879,Customer_00879,62,Male,Varanasi,Uttar Pradesh,2026-04-28
C00880,Customer_00880,32,Male,Gaya,Bihar,2024-03-19
C00881,Customer_00881,22,Male,Bengaluru,Karnataka,2024-09-01
C00882,Customer_00882,27,Female,Mumbai,Maharashtra,2025-01-08
C00883,Customer_00883,36,Male,Ranchi,Jharkhand,2026-02-26
C00884,Customer_00884,41,Male,Coimbatore,Tamil Nadu,2025-10-03
C00885,Customer_00885,45,Female,Mumbai,Maharashtra,2026-02-24
C00886,Customer_00886,55,Male,Nagpur,Maharashtra,2025-02-25
C00887,Customer_00887,46,Female,Bhagalpur,Bihar,2025-11-23
C00888,Customer_00888,26,Female,Pune,Maharashtra,2025-09-19
C00889,Customer_00889,50,Male,Udaipur,Rajasthan,2024-02-15
C00890,Customer_00890,56,Female,Jaipur,Rajasthan,2025-03-25
C00891,Customer_00891,33,Female,Gaya,Bihar,2024-04-04
C00892,Customer_00892,19,Male,Mysuru,Karnataka,2026-06-19
C00893,Customer_00893,48,Male,Lucknow,Uttar Pradesh,2026-06-02
C00894,Customer_00894,29,Male,Lucknow,Uttar Pradesh,2025-10-27
C00895,Customer_00895,38,Female,Chennai,Tamil Nadu,2024-02-06
C00896,Customer_00896,28,Female,Jamshedpur,Jharkhand,2025-07-11
C00897,Customer_00897,60,Female,Kolkata,West Bengal,2025-07-15
C00898,Customer_00898,57,Female,Durgapur,West Bengal,2024-02-25
C00899,Customer_00899,29,Female,Durgapur,West Bengal,2024-01-26
C00900,Customer_00900,62,Male,Surat,Gujarat,2025-09-11
C00901,Customer_00901,38,Female,Mumbai,Maharashtra,2025-02-03
C00902,Customer_00902,31,Female,Pune,Maharashtra,2024-06-23
C00903,Customer_00903,37,Female,Gaya,Bihar,2024-07-29
C00904,Customer_00904,18,Female,Mumbai,Maharashtra,2026-03-02
C00905,Customer_00905,34,Female,Udaipur,Rajasthan,2024-08-14
C00906,Customer_00906,46,Male,Gaya,Bihar,2025-08-30
C00907,Customer_00907,35,Male,Jaipur,Rajasthan,2024-08-22
C00908,Customer_00908,26,Female,Bengaluru,Karnataka,2026-02-07
C00909,Customer_00909,20,Male,Coimbatore,Tamil Nadu,2025-11-29
C00910,Customer_00910,54,Female,Lucknow,Uttar Pradesh,2025-02-12
C00911,Customer_00911,23,Female,Varanasi,Uttar Pradesh,2026-03-24
C00912,Customer_00912,61,Male,Bengaluru,Karnataka,2024-05-22
C00913,Customer_00913,51,Female,Kanpur,Uttar Pradesh,2024-03-06
C00914,Customer_00914,18,Female,Bhagalpur,Bihar,2025-02-15
C00915,Customer_00915,32,Male,Lucknow,Uttar Pradesh,2025-12-30
C00916,Customer_00916,59,Female,Chennai,Tamil Nadu,2024-05-20
C00917,Customer_00917,24,Male,Bengaluru,Karnataka,2024-07-28
C00918,Customer_00918,49,Male,Kolkata,West Bengal,2025-09-17
C00919,Customer_00919,31,Male,Jaipur,Rajasthan,2025-11-10
C00920,Customer_00920,22,Female,Pune,Maharashtra,2025-11-01
C00921,Customer_00921,65,Male,Lucknow,Uttar Pradesh,2025-02-26
C00922,Customer_00922,27,Male,Udaipur,Rajasthan,2025-10-14
C00923,Customer_00923,30,Female,Mumbai,Maharashtra,2024-03-27
C00924,Customer_00924,21,Female,Jamshedpur,Jharkhand,2025-01-16
C00925,Customer_00925,19,Female,Varanasi,Uttar Pradesh,2025-08-28
C00926,Customer_00926,43,Female,Delhi,Delhi,2025-01-08
C00927,Customer_00927,59,Male,Jaipur,Rajasthan,2025-01-24
C00928,Customer_00928,46,Male,Jaipur,Rajasthan,2024-06-07
C00929,Customer_00929,32,Female,New Delhi,Delhi,2024-02-28
C00930,Customer_00930,53,Female,Bengaluru,Karnataka,2026-04-04
C00931,Customer_00931,54,Female,Varanasi,Uttar Pradesh,2025-12-21
C00932,Customer_00932,59,Male,Bengaluru,Karnataka,2024-01-22
C00933,Customer_00933,59,Male,Jaipur,Rajasthan,2024-08-13
C00934,Customer_00934,29,Female,Mumbai,Maharashtra,2024-02-12
C00935,Customer_00935,46,Male,Jaipur,Rajasthan,2026-06-17
C00936,Customer_00936,62,Female,Pune,Maharashtra,2024-06-15
C00937,Customer_00937,29,Male,Mysuru,Karnataka,2025-05-17
C00938,Customer_00938,64,Male,Varanasi,Uttar Pradesh,2025-11-26
C00939,Customer_00939,42,Male,Nagpur,Maharashtra,2025-10-31
C00940,Customer_00940,58,Female,Kolkata,West Bengal,2025-05-21
C00941,Customer_00941,21,Male,Gaya,Bihar,2025-11-18
C00942,Customer_00942,59,Male,Delhi,Delhi,2026-06-03
C00943,Customer_00943,42,Male,Kanpur,Uttar Pradesh,2024-07-30
C00944,Customer_00944,41,Female,Coimbatore,Tamil Nadu,2026-01-14
C00945,Customer_00945,35,Female,Mysuru,Karnataka,2025-02-16
C00946,Customer_00946,22,Male,Patna,Bihar,2026-03-04
C00947,Customer_00947,25,Female,Durgapur,West Bengal,2024-02-05
C00948,Customer_00948,58,Male,Chennai,Tamil Nadu,2026-02-02
C00949,Customer_00949,35,Male,Surat,Gujarat,2024-10-01
C00950,Customer_00950,34,Female,Varanasi,Uttar Pradesh,2026-06-07
C00951,Customer_00951,19,Female,Coimbatore,Tamil Nadu,2024-12-23
C00952,Customer_00952,48,Male,Durgapur,West Bengal,2024-12-28
C00953,Customer_00953,22,Male,Patna,Bihar,2024-12-22
C00954,Customer_00954,22,Female,Surat,Gujarat,2024-06-28
C00955,Customer_00955,55,Female,Delhi,Delhi,2026-02-27
C00956,Customer_00956,27,Female,Patna,Bihar,2024-10-02
C00957,Customer_00957,22,Female,Mysuru,Karnataka,2024-06-17
C00958,Customer_00958,51,Female,Jaipur,Rajasthan,2025-04-23
C00959,Customer_00959,28,Male,Pune,Maharashtra,2025-09-19
C00960,Customer_00960,61,Male,Nagpur,Maharashtra,2025-01-08
C00961,Customer_00961,43,Female,Pune,Maharashtra,2025-01-30
C00962,Customer_00962,44,Female,Mysuru,Karnataka,2024-02-10
C00963,Customer_00963,49,Female,Kanpur,Uttar Pradesh,2024-01-25
C00964,Customer_00964,32,Male,Jamshedpur,Jharkhand,2026-03-02
C00965,Customer_00965,45,Female,Delhi,Delhi,2024-09-10
C00966,Customer_00966,20,Male,Nagpur,Maharashtra,2025-05-23
C00967,Customer_00967,45,Female,Bengaluru,Karnataka,2025-05-13
C00968,Customer_00968,42,Male,Varanasi,Uttar Pradesh,2025-11-24
C00969,Customer_00969,18,Male,Surat,Gujarat,2024-01-06
C00970,Customer_00970,52,Female,Ranchi,Jharkhand,2025-12-22
C00971,Customer_00971,50,Female,Mumbai,Maharashtra,2025-04-15
C00972,Customer_00972,23,Female,Chennai,Tamil Nadu,2024-05-06
C00973,Customer_00973,30,Female,Delhi,Delhi,2026-05-18
C00974,Customer_00974,42,Female,Ahmedabad,Gujarat,2026-04-06
C00975,Customer_00975,59,Male,Nagpur,Maharashtra,2026-04-08
C00976,Customer_00976,42,Female,Coimbatore,Tamil Nadu,2026-06-19
C00977,Customer_00977,52,Male,Delhi,Delhi,2025-03-29
C00978,Customer_00978,64,Female,Bengaluru,Karnataka,2024-12-27
C00979,Customer_00979,28,Male,Muzaffarpur,Bihar,2026-04-27
C00980,Customer_00980,40,Male,Surat,Gujarat,2026-02-21
C00981,Customer_00981,27,Female,Muzaffarpur,Bihar,2026-05-26
C00982,Customer_00982,54,Male,Durgapur,West Bengal,2025-01-01
C00983,Customer_00983,54,Male,Delhi,Delhi,2025-06-19
C00984,Customer_00984,33,Female,Coimbatore,Tamil Nadu,2026-03-17
C00985,Customer_00985,31,Female,Ranchi,Jharkhand,2024-04-04
C00986,Customer_00986,26,Male,Mysuru,Karnataka,2024-07-06
C00987,Customer_00987,25,Female,Muzaffarpur,Bihar,2024-07-17
C00988,Customer_00988,18,Female,Bhagalpur,Bihar,2024-01-26
C00989,Customer_00989,42,Male,Jamshedpur,Jharkhand,2024-12-08
C00990,Customer_00990,63,Male,Mysuru,Karnataka,2025-09-30
C00991,Customer_00991,21,Female,Kanpur,Uttar Pradesh,2025-01-04
C00992,Customer_00992,38,Female,Ranchi,Jharkhand,2024-04-27
C00993,Customer_00993,49,Female,Patna,Bihar,2024-09-07
C00994,Customer_00994,47,Male,Patna,Bihar,2024-10-05
C00995,Customer_00995,64,Female,Pune,Maharashtra,2024-06-29
C00996,Customer_00996,48,Female,Durgapur,West Bengal,2024-03-26
C00997,Customer_00997,48,Female,New Delhi,Delhi,2024-06-27
C00998,Customer_00998,20,Female,Bengaluru,Karnataka,2025-05-02
C00999,Customer_00999,58,Female,Lucknow,Uttar Pradesh,2025-05-23
C01000,Customer_01000,65,Female,Bengaluru,Karnataka,2024-02-27
C01001,Customer_01001,19,Female,Patna,Bihar,2024-02-25
C01002,Customer_01002,38,Female,Bengaluru,Karnataka,2024-02-28
C01003,Customer_01003,25,Male,Ranchi,Jharkhand,2026-02-06
C01004,Customer_01004,43,Male,Coimbatore,Tamil Nadu,2024-06-30
C01005,Customer_01005,37,Male,Surat,Gujarat,2024-12-28
C01006,Customer_01006,54,Female,Varanasi,Uttar Pradesh,2024-02-02
C01007,Customer_01007,36,Male,Kanpur,Uttar Pradesh,2026-04-21
C01008,Customer_01008,44,Male,Jamshedpur,Jharkhand,2025-07-29
C01009,Customer_01009,45,Male,Mumbai,Maharashtra,2025-07-14
C01010,Customer_01010,35,Male,Mumbai,Maharashtra,2026-06-14
C01011,Customer_01011,37,Male,Ranchi,Jharkhand,2025-12-05
C01012,Customer_01012,51,Male,Mumbai,Maharashtra,2024-07-10
C01013,Customer_01013,26,Male,Bengaluru,Karnataka,2024-03-31
C01014,Customer_01014,57,Male,Jamshedpur,Jharkhand,2025-01-25
C01015,Customer_01015,56,Male,Patna,Bihar,2026-02-07
C01016,Customer_01016,50,Male,Nagpur,Maharashtra,2026-04-25
C01017,Customer_01017,30,Female,Bhagalpur,Bihar,2024-02-26
C01018,Customer_01018,43,Female,Delhi,Delhi,2024-11-28
C01019,Customer_01019,39,Male,Surat,Gujarat,2024-04-09
C01020,Customer_01020,62,Male,Varanasi,Uttar Pradesh,2025-03-12
C01021,Customer_01021,40,Male,Bengaluru,Karnataka,2025-05-06
C01022,Customer_01022,26,Male,Surat,Gujarat,2024-11-23
C01023,Customer_01023,31,Female,New Delhi,Delhi,2024-12-06
C01024,Customer_01024,52,Male,Ranchi,Jharkhand,2026-01-12
C01025,Customer_01025,29,Female,Lucknow,Uttar Pradesh,2025-12-26
C01026,Customer_01026,61,Male,Pune,Maharashtra,2025-06-29
C01027,Customer_01027,62,Male,Mumbai,Maharashtra,2024-12-24
C01028,Customer_01028,48,Male,Pune,Maharashtra,2026-03-31
C01029,Customer_01029,25,Female,Mysuru,Karnataka,2025-06-22
C01030,Customer_01030,37,Male,Muzaffarpur,Bihar,2025-05-15
C01031,Customer_01031,42,Female,Mysuru,Karnataka,2024-01-13
C01032,Customer_01032,37,Male,Surat,Gujarat,2024-01-31
C01033,Customer_01033,30,Male,Ranchi,Jharkhand,2025-07-27
C01034,Customer_01034,24,Female,Lucknow,Uttar Pradesh,2026-06-04
C01035,Customer_01035,64,Female,Pune,Maharashtra,2025-02-17
C01036,Customer_01036,29,Male,Chennai,Tamil Nadu,2026-06-12
C01037,Customer_01037,35,Female,Kanpur,Uttar Pradesh,2025-08-06
C01038,Customer_01038,49,Male,Durgapur,West Bengal,2025-01-12
C01039,Customer_01039,23,Female,Mysuru,Karnataka,2024-03-28
C01040,Customer_01040,46,Male,Mysuru,Karnataka,2025-11-08
C01041,Customer_01041,34,Female,Mysuru,Karnataka,2024-06-09
C01042,Customer_01042,19,Female,Chennai,Tamil Nadu,2024-02-08
C01043,Customer_01043,57,Male,Chennai,Tamil Nadu,2025-04-18
C01044,Customer_01044,33,Male,Udaipur,Rajasthan,2024-11-02
C01045,Customer_01045,26,Male,Surat,Gujarat,2026-01-09
C01046,Customer_01046,23,Female,Surat,Gujarat,2025-12-27
C01047,Customer_01047,19,Female,Surat,Gujarat,2025-02-18
C01048,Customer_01048,44,Female,Gaya,Bihar,2025-08-29
C01049,Customer_01049,48,Female,Kolkata,West Bengal,2025-02-20
C01050,Customer_01050,57,Male,Durgapur,West Bengal,2026-04-03
C01051,Customer_01051,18,Male,Patna,Bihar,2024-01-25
C01052,Customer_01052,22,Male,Ranchi,Jharkhand,2025-02-08
C01053,Customer_01053,28,Male,Kolkata,West Bengal,2026-05-03
C01054,Customer_01054,32,Female,Lucknow,Uttar Pradesh,2024-05-06
C01055,Customer_01055,43,Male,Mysuru,Karnataka,2024-06-29
C01056,Customer_01056,62,Female,Ranchi,Jharkhand,2024-01-18
C01057,Customer_01057,52,Female,Kanpur,Uttar Pradesh,2025-07-23
C01058,Customer_01058,51,Male,Pune,Maharashtra,2025-11-01
C01059,Customer_01059,47,Female,Lucknow,Uttar Pradesh,2024-10-12
C01060,Customer_01060,42,Female,Bhagalpur,Bihar,2025-01-05
C01061,Customer_01061,32,Male,Durgapur,West Bengal,2024-10-14
C01062,Customer_01062,38,Male,Kanpur,Uttar Pradesh,2025-12-01
C01063,Customer_01063,51,Female,Varanasi,Uttar Pradesh,2024-04-26
C01064,Customer_01064,47,Male,Patna,Bihar,2024-04-21
C01065,Customer_01065,50,Male,Nagpur,Maharashtra,2024-09-05
C01066,Customer_01066,22,Male,Gaya,Bihar,2024-02-22
C01067,Customer_01067,40,Male,Surat,Gujarat,2026-05-02
C01068,Customer_01068,57,Female,Lucknow,Uttar Pradesh,2024-02-14
C01069,Customer_01069,24,Female,Varanasi,Uttar Pradesh,2024-11-14
C01070,Customer_01070,46,Female,Coimbatore,Tamil Nadu,2025-04-22
C01071,Customer_01071,24,Female,Surat,Gujarat,2024-04-20
C01072,Customer_01072,35,Male,Jaipur,Rajasthan,2025-11-01
C01073,Customer_01073,28,Female,Nagpur,Maharashtra,2025-11-19
C01074,Customer_01074,59,Female,Bengaluru,Karnataka,2025-10-27
C01075,Customer_01075,43,Female,Patna,Bihar,2024-08-20
C01076,Customer_01076,24,Male,Kanpur,Uttar Pradesh,2024-03-18
C01077,Customer_01077,58,Female,Kolkata,West Bengal,2024-07-25
C01078,Customer_01078,57,Male,Durgapur,West Bengal,2025-10-12
C01079,Customer_01079,30,Female,Chennai,Tamil Nadu,2024-09-16
C01080,Customer_01080,61,Female,Durgapur,West Bengal,2024-07-05
C01081,Customer_01081,63,Female,Coimbatore,Tamil Nadu,2024-03-04
C01082,Customer_01082,32,Male,Gaya,Bihar,2024-08-05
C01083,Customer_01083,59,Male,Udaipur,Rajasthan,2025-07-04
C01084,Customer_01084,38,Female,Gaya,Bihar,2025-06-29
C01085,Customer_01085,21,Female,Udaipur,Rajasthan,2024-02-07
C01086,Customer_01086,35,Male,Durgapur,West Bengal,2025-07-14
C01087,Customer_01087,39,Female,Gaya,Bihar,2024-06-29
C01088,Customer_01088,63,Female,New Delhi,Delhi,2026-06-25
C01089,Customer_01089,53,Male,Mysuru,Karnataka,2025-08-01
C01090,Customer_01090,22,Male,Kanpur,Uttar Pradesh,2026-02-22
C01091,Customer_01091,63,Female,Mysuru,Karnataka,2026-01-04
C01092,Customer_01092,23,Female,Udaipur,Rajasthan,2026-06-03
C01093,Customer_01093,39,Female,Lucknow,Uttar Pradesh,2025-01-23
C01094,Customer_01094,57,Male,Pune,Maharashtra,2025-11-12
C01095,Customer_01095,22,Female,Chennai,Tamil Nadu,2025-05-20
C01096,Customer_01096,52,Female,Kolkata,West Bengal,2026-06-29
C01097,Customer_01097,55,Male,Durgapur,West Bengal,2024-10-24
C01098,Customer_01098,45,Female,Jamshedpur,Jharkhand,2025-03-30
C01099,Customer_01099,63,Female,Jamshedpur,Jharkhand,2024-03-11
C01100,Customer_01100,41,Male,Nagpur,Maharashtra,2025-05-17
C01101,Customer_01101,59,Female,Pune,Maharashtra,2024-04-27
C01102,Customer_01102,27,Male,Pune,Maharashtra,2025-07-14
C01103,Customer_01103,63,Male,Mumbai,Maharashtra,2025-05-21
C01104,Customer_01104,60,Female,Udaipur,Rajasthan,2026-02-11
C01105,Customer_01105,60,Male,Muzaffarpur,Bihar,2025-07-03
C01106,Customer_01106,58,Female,Durgapur,West Bengal,2024-01-29
C01107,Customer_01107,53,Male,Bengaluru,Karnataka,2025-12-28
C01108,Customer_01108,25,Female,Varanasi,Uttar Pradesh,2025-07-10
C01109,Customer_01109,26,Female,New Delhi,Delhi,2025-07-11
C01110,Customer_01110,45,Female,Lucknow,Uttar Pradesh,2025-02-05
C01111,Customer_01111,51,Male,Jaipur,Rajasthan,2024-10-02
C01112,Customer_01112,31,Male,Chennai,Tamil Nadu,2025-02-19
C01113,Customer_01113,63,Male,Jamshedpur,Jharkhand,2024-05-30
C01114,Customer_01114,20,Male,Kanpur,Uttar Pradesh,2025-01-25
C01115,Customer_01115,52,Female,Gaya,Bihar,2025-04-05
C01116,Customer_01116,21,Female,New Delhi,Delhi,2024-06-27
C01117,Customer_01117,22,Female,Kolkata,West Bengal,2024-05-27
C01118,Customer_01118,37,Female,Ahmedabad,Gujarat,2026-05-03
C01119,Customer_01119,27,Female,Lucknow,Uttar Pradesh,2024-01-22
C01120,Customer_01120,21,Male,Durgapur,West Bengal,2025-06-30
C01121,Customer_01121,63,Male,Patna,Bihar,2024-12-31
C01122,Customer_01122,25,Female,Durgapur,West Bengal,2024-06-16
C01123,Customer_01123,23,Male,Gaya,Bihar,2024-01-08
C01124,Customer_01124,30,Female,Kolkata,West Bengal,2026-03-20
C01125,Customer_01125,41,Female,Delhi,Delhi,2024-12-01
C01126,Customer_01126,62,Female,Surat,Gujarat,2024-12-04
C01127,Customer_01127,27,Male,Delhi,Delhi,2025-08-31
C01128,Customer_01128,36,Female,Durgapur,West Bengal,2024-08-04
C01129,Customer_01129,38,Female,Ahmedabad,Gujarat,2025-06-02
C01130,Customer_01130,48,Female,Ranchi,Jharkhand,2024-07-20
C01131,Customer_01131,49,Male,Lucknow,Uttar Pradesh,2025-04-15
C01132,Customer_01132,36,Female,Lucknow,Uttar Pradesh,2024-01-10
C01133,Customer_01133,28,Female,Ahmedabad,Gujarat,2025-09-23
C01134,Customer_01134,50,Male,Kolkata,West Bengal,2024-01-07
C01135,Customer_01135,26,Male,Udaipur,Rajasthan,2024-05-21
C01136,Customer_01136,46,Male,Varanasi,Uttar Pradesh,2024-12-07
C01137,Customer_01137,59,Male,Mumbai,Maharashtra,2025-05-09
C01138,Customer_01138,58,Male,Delhi,Delhi,2024-05-30
C01139,Customer_01139,43,Female,Surat,Gujarat,2024-05-17
C01140,Customer_01140,65,Male,Coimbatore,Tamil Nadu,2025-07-21
C01141,Customer_01141,57,Male,Gaya,Bihar,2025-10-17
C01142,Customer_01142,43,Female,Patna,Bihar,2024-07-18
C01143,Customer_01143,53,Female,Gaya,Bihar,2025-10-21
C01144,Customer_01144,47,Male,Lucknow,Uttar Pradesh,2025-11-28
C01145,Customer_01145,50,Female,Jamshedpur,Jharkhand,2026-03-28
C01146,Customer_01146,47,Female,Delhi,Delhi,2025-07-13
C01147,Customer_01147,45,Female,Jamshedpur,Jharkhand,2025-04-23
C01148,Customer_01148,29,Female,Ranchi,Jharkhand,2024-05-18
C01149,Customer_01149,28,Female,Patna,Bihar,2024-12-07
C01150,Customer_01150,51,Female,Udaipur,Rajasthan,2024-05-12
C01151,Customer_01151,25,Male,Ranchi,Jharkhand,2024-01-28
C01152,Customer_01152,27,Male,Mysuru,Karnataka,2025-05-09
C01153,Customer_01153,63,Male,Ahmedabad,Gujarat,2026-03-23
C01154,Customer_01154,32,Female,Udaipur,Rajasthan,2024-05-31
C01155,Customer_01155,60,Male,Mumbai,Maharashtra,2026-06-09
C01156,Customer_01156,24,Female,Mysuru,Karnataka,2026-04-14
C01157,Customer_01157,45,Male,Ranchi,Jharkhand,2024-12-31
C01158,Customer_01158,49,Male,Ahmedabad,Gujarat,2025-07-13
C01159,Customer_01159,19,Female,Bengaluru,Karnataka,2024-03-05
C01160,Customer_01160,48,Female,Bengaluru,Karnataka,2025-12-10
C01161,Customer_01161,18,Female,Nagpur,Maharashtra,2024-05-20
C01162,Customer_01162,58,Male,Bengaluru,Karnataka,2024-03-13
C01163,Customer_01163,63,Female,Nagpur,Maharashtra,2024-06-21
C01164,Customer_01164,18,Male,Gaya,Bihar,2025-09-08
C01165,Customer_01165,22,Male,Ranchi,Jharkhand,2025-03-01
C01166,Customer_01166,20,Female,Bengaluru,Karnataka,2026-04-01
C01167,Customer_01167,55,Female,Mysuru,Karnataka,2025-03-08
C01168,Customer_01168,59,Male,Kolkata,West Bengal,2025-06-26
C01169,Customer_01169,19,Male,Mumbai,Maharashtra,2025-04-12
C01170,Customer_01170,41,Female,Coimbatore,Tamil Nadu,2025-04-15
C01171,Customer_01171,31,Male,Coimbatore,Tamil Nadu,2025-10-29
C01172,Customer_01172,24,Male,Coimbatore,Tamil Nadu,2024-05-18
C01173,Customer_01173,25,Female,Bengaluru,Karnataka,2025-10-28
C01174,Customer_01174,40,Female,Bengaluru,Karnataka,2025-09-10
C01175,Customer_01175,55,Male,Nagpur,Maharashtra,2026-04-12
C01176,Customer_01176,45,Female,Pune,Maharashtra,2025-07-24
C01177,Customer_01177,27,Male,Mumbai,Maharashtra,2025-02-12
C01178,Customer_01178,37,Female,Ranchi,Jharkhand,2024-06-19
C01179,Customer_01179,22,Male,Lucknow,Uttar Pradesh,2024-11-13
C01180,Customer_01180,62,Female,Bengaluru,Karnataka,2025-01-03
C01181,Customer_01181,51,Male,Kolkata,West Bengal,2025-05-06
C01182,Customer_01182,63,Male,Gaya,Bihar,2025-04-25
C01183,Customer_01183,41,Female,Patna,Bihar,2026-02-03
C01184,Customer_01184,33,Male,Bengaluru,Karnataka,2024-01-22
C01185,Customer_01185,51,Female,Delhi,Delhi,2026-05-31
C01186,Customer_01186,63,Female,Jamshedpur,Jharkhand,2024-02-18
C01187,Customer_01187,41,Female,Bengaluru,Karnataka,2025-07-13
C01188,Customer_01188,54,Female,Kolkata,West Bengal,2026-03-07
C01189,Customer_01189,53,Male,Mumbai,Maharashtra,2025-06-14
C01190,Customer_01190,18,Male,Coimbatore,Tamil Nadu,2024-03-05
C01191,Customer_01191,24,Female,Patna,Bihar,2026-05-13
C01192,Customer_01192,45,Female,Varanasi,Uttar Pradesh,2024-02-24
C01193,Customer_01193,23,Male,Muzaffarpur,Bihar,2025-06-23
C01194,Customer_01194,34,Male,Patna,Bihar,2025-01-21
C01195,Customer_01195,35,Male,Varanasi,Uttar Pradesh,2025-04-16
C01196,Customer_01196,39,Male,Jaipur,Rajasthan,2026-04-09
C01197,Customer_01197,42,Male,Muzaffarpur,Bihar,2026-05-23
C01198,Customer_01198,29,Male,Kanpur,Uttar Pradesh,2024-07-11
C01199,Customer_01199,25,Male,Pune,Maharashtra,2024-01-31
C01200,Customer_01200,34,Female,Bengaluru,Karnataka,2025-05-28
C01201,Customer_01201,47,Female,Pune,Maharashtra,2026-05-25
C01202,Customer_01202,48,Male,Varanasi,Uttar Pradesh,2024-05-27
C01203,Customer_01203,19,Male,Mysuru,Karnataka,2025-05-17
C01204,Customer_01204,36,Male,Mumbai,Maharashtra,2025-05-27
C01205,Customer_01205,49,Male,Gaya,Bihar,2025-05-22
C01206,Customer_01206,42,Female,Ranchi,Jharkhand,2024-08-28
C01207,Customer_01207,53,Male,Mysuru,Karnataka,2024-07-18
C01208,Customer_01208,27,Female,Varanasi,Uttar Pradesh,2024-07-07
C01209,Customer_01209,42,Male,Jamshedpur,Jharkhand,2025-06-03
C01210,Customer_01210,53,Male,Patna,Bihar,2026-02-10
C01211,Customer_01211,27,Male,Ahmedabad,Gujarat,2025-11-23
C01212,Customer_01212,54,Male,Kanpur,Uttar Pradesh,2024-05-04
C01213,Customer_01213,41,Male,Gaya,Bihar,2024-03-22
C01214,Customer_01214,52,Male,Patna,Bihar,2024-04-10
C01215,Customer_01215,20,Male,Mysuru,Karnataka,2025-08-27
C01216,Customer_01216,42,Male,Lucknow,Uttar Pradesh,2025-07-18
C01217,Customer_01217,32,Female,Chennai,Tamil Nadu,2024-02-12
C01218,Customer_01218,50,Male,Lucknow,Uttar Pradesh,2024-09-03
C01219,Customer_01219,23,Male,Coimbatore,Tamil Nadu,2025-04-07
C01220,Customer_01220,25,Female,Lucknow,Uttar Pradesh,2026-04-21
C01221,Customer_01221,62,Male,Muzaffarpur,Bihar,2026-01-11
C01222,Customer_01222,42,Male,Nagpur,Maharashtra,2026-04-07
C01223,Customer_01223,24,Male,Ranchi,Jharkhand,2024-01-06
C01224,Customer_01224,36,Male,Coimbatore,Tamil Nadu,2026-06-09
C01225,Customer_01225,44,Female,Delhi,Delhi,2024-10-27
C01226,Customer_01226,25,Female,Varanasi,Uttar Pradesh,2024-08-01
C01227,Customer_01227,50,Female,Mysuru,Karnataka,2025-12-02
C01228,Customer_01228,59,Male,Mysuru,Karnataka,2024-03-06
C01229,Customer_01229,52,Female,Mysuru,Karnataka,2026-04-05
C01230,Customer_01230,18,Male,Durgapur,West Bengal,2024-11-02
C01231,Customer_01231,19,Female,Ahmedabad,Gujarat,2025-09-24
C01232,Customer_01232,21,Male,Udaipur,Rajasthan,2025-04-05
C01233,Customer_01233,55,Female,Jaipur,Rajasthan,2026-01-16
C01234,Customer_01234,57,Male,Udaipur,Rajasthan,2026-05-19
C01235,Customer_01235,63,Male,Bhagalpur,Bihar,2025-07-28
C01236,Customer_01236,20,Male,Kolkata,West Bengal,2026-01-03
C01237,Customer_01237,45,Male,Mysuru,Karnataka,2025-10-28
C01238,Customer_01238,58,Male,Lucknow,Uttar Pradesh,2024-03-24
C01239,Customer_01239,36,Male,Gaya,Bihar,2026-01-06
C01240,Customer_01240,47,Female,Chennai,Tamil Nadu,2025-08-18
C01241,Customer_01241,45,Male,Bengaluru,Karnataka,2026-01-26
C01242,Customer_01242,52,Male,Pune,Maharashtra,2026-04-14
C01243,Customer_01243,23,Male,New Delhi,Delhi,2025-07-25
C01244,Customer_01244,28,Male,Jaipur,Rajasthan,2024-02-14
C01245,Customer_01245,55,Male,Jamshedpur,Jharkhand,2024-09-20
C01246,Customer_01246,30,Female,Lucknow,Uttar Pradesh,2025-07-24
C01247,Customer_01247,28,Female,Coimbatore,Tamil Nadu,2025-09-27
C01248,Customer_01248,29,Female,Lucknow,Uttar Pradesh,2025-09-20
C01249,Customer_01249,41,Female,Nagpur,Maharashtra,2026-04-16
C01250,Customer_01250,59,Female,Kolkata,West Bengal,2026-06-10
C01251,Customer_01251,40,Male,Gaya,Bihar,2024-12-06
C01252,Customer_01252,63,Male,Udaipur,Rajasthan,2024-10-07
C01253,Customer_01253,21,Male,Jamshedpur,Jharkhand,2024-11-20
C01254,Customer_01254,47,Female,Lucknow,Uttar Pradesh,2024-01-28
C01255,Customer_01255,58,Male,Durgapur,West Bengal,2025-05-18
C01256,Customer_01256,36,Male,Udaipur,Rajasthan,2025-06-23
C01257,Customer_01257,27,Female,Chennai,Tamil Nadu,2024-11-08
C01258,Customer_01258,28,Female,Nagpur,Maharashtra,2024-09-25
C01259,Customer_01259,41,Male,Surat,Gujarat,2025-07-25
C01260,Customer_01260,61,Male,Bengaluru,Karnataka,2024-04-22
C01261,Customer_01261,41,Male,Jamshedpur,Jharkhand,2024-04-20
C01262,Customer_01262,19,Male,Ahmedabad,Gujarat,2026-01-22
C01263,Customer_01263,53,Male,Bhagalpur,Bihar,2026-06-18
C01264,Customer_01264,64,Male,Durgapur,West Bengal,2026-06-20
C01265,Customer_01265,18,Female,Ranchi,Jharkhand,2026-01-03
C01266,Customer_01266,58,Female,Mumbai,Maharashtra,2024-10-15
C01267,Customer_01267,56,Male,Delhi,Delhi,2025-04-07
C01268,Customer_01268,19,Male,Varanasi,Uttar Pradesh,2024-07-24
C01269,Customer_01269,64,Male,Delhi,Delhi,2025-11-11
C01270,Customer_01270,56,Female,Bengaluru,Karnataka,2025-12-24
C01271,Customer_01271,48,Male,Bhagalpur,Bihar,2026-06-11
C01272,Customer_01272,47,Female,Bengaluru,Karnataka,2024-10-04
C01273,Customer_01273,25,Female,Jamshedpur,Jharkhand,2025-04-27
C01274,Customer_01274,53,Male,Jamshedpur,Jharkhand,2024-09-20
C01275,Customer_01275,42,Male,Jaipur,Rajasthan,2024-10-01
C01276,Customer_01276,61,Female,Mysuru,Karnataka,2026-06-23
C01277,Customer_01277,26,Female,Bengaluru,Karnataka,2025-04-12
C01278,Customer_01278,19,Female,Mysuru,Karnataka,2025-11-13
C01279,Customer_01279,26,Female,Mumbai,Maharashtra,2026-01-14
C01280,Customer_01280,29,Female,Gaya,Bihar,2025-06-04
C01281,Customer_01281,27,Female,Bengaluru,Karnataka,2025-07-31
C01282,Customer_01282,22,Male,Lucknow,Uttar Pradesh,2026-02-07
C01283,Customer_01283,20,Male,Ahmedabad,Gujarat,2025-10-14
C01284,Customer_01284,47,Male,Durgapur,West Bengal,2025-01-15
C01285,Customer_01285,18,Female,Mysuru,Karnataka,2025-08-29
C01286,Customer_01286,48,Male,Mysuru,Karnataka,2025-03-18
C01287,Customer_01287,60,Female,Muzaffarpur,Bihar,2024-08-25
C01288,Customer_01288,23,Female,Coimbatore,Tamil Nadu,2026-04-07
C01289,Customer_01289,48,Male,Bengaluru,Karnataka,2024-06-07
C01290,Customer_01290,63,Male,Kolkata,West Bengal,2024-05-06
C01291,Customer_01291,40,Male,Jamshedpur,Jharkhand,2024-08-24
C01292,Customer_01292,52,Male,Bengaluru,Karnataka,2024-02-29
C01293,Customer_01293,36,Female,Chennai,Tamil Nadu,2024-05-13
C01294,Customer_01294,46,Male,Delhi,Delhi,2024-08-04
C01295,Customer_01295,45,Female,Ahmedabad,Gujarat,2025-07-22
C01296,Customer_01296,21,Female,Patna,Bihar,2025-01-06
C01297,Customer_01297,36,Male,Varanasi,Uttar Pradesh,2025-09-15
C01298,Customer_01298,22,Male,New Delhi,Delhi,2024-10-18
C01299,Customer_01299,54,Male,Delhi,Delhi,2024-01-15
C01300,Customer_01300,60,Male,Pune,Maharashtra,2025-05-09
C01301,Customer_01301,24,Male,Jaipur,Rajasthan,2026-02-26
C01302,Customer_01302,34,Male,Jamshedpur,Jharkhand,2024-08-29
C01303,Customer_01303,64,Male,Nagpur,Maharashtra,2024-10-15
C01304,Customer_01304,25,Male,Muzaffarpur,Bihar,2025-09-29
C01305,Customer_01305,22,Female,Bengaluru,Karnataka,2025-08-30
C01306,Customer_01306,47,Male,Mysuru,Karnataka,2024-12-11
C01307,Customer_01307,33,Male,Kolkata,West Bengal,2025-02-26
C01308,Customer_01308,32,Female,Pune,Maharashtra,2025-10-28
C01309,Customer_01309,42,Female,Kanpur,Uttar Pradesh,2026-03-19
C01310,Customer_01310,32,Female,Bengaluru,Karnataka,2026-05-22
C01311,Customer_01311,18,Female,Udaipur,Rajasthan,2024-12-23
C01312,Customer_01312,40,Female,Gaya,Bihar,2025-11-18
C01313,Customer_01313,56,Female,Mysuru,Karnataka,2024-06-10
C01314,Customer_01314,26,Female,Mumbai,Maharashtra,2026-05-23
C01315,Customer_01315,57,Female,Kolkata,West Bengal,2025-02-25
C01316,Customer_01316,40,Female,Ranchi,Jharkhand,2025-05-08
C01317,Customer_01317,30,Female,Mumbai,Maharashtra,2024-12-01
C01318,Customer_01318,30,Male,Mumbai,Maharashtra,2025-03-23
C01319,Customer_01319,37,Male,Chennai,Tamil Nadu,2024-03-24
C01320,Customer_01320,24,Male,Delhi,Delhi,2024-10-30
C01321,Customer_01321,64,Male,Kanpur,Uttar Pradesh,2024-11-26
C01322,Customer_01322,48,Female,Kolkata,West Bengal,2025-06-21
C01323,Customer_01323,36,Male,Kanpur,Uttar Pradesh,2025-07-06
C01324,Customer_01324,23,Female,Delhi,Delhi,2026-04-14
C01325,Customer_01325,40,Female,Patna,Bihar,2026-01-10
C01326,Customer_01326,60,Female,Gaya,Bihar,2026-02-11
C01327,Customer_01327,34,Male,Mysuru,Karnataka,2025-09-18
C01328,Customer_01328,33,Female,Chennai,Tamil Nadu,2025-11-28
C01329,Customer_01329,20,Male,Nagpur,Maharashtra,2025-04-27
C01330,Customer_01330,53,Male,Ranchi,Jharkhand,2024-02-20
C01331,Customer_01331,29,Male,Muzaffarpur,Bihar,2025-02-25
C01332,Customer_01332,37,Female,Bengaluru,Karnataka,2025-12-25
C01333,Customer_01333,20,Female,Kolkata,West Bengal,2024-09-09
C01334,Customer_01334,38,Male,Durgapur,West Bengal,2025-01-01
C01335,Customer_01335,64,Male,Kanpur,Uttar Pradesh,2025-02-02
C01336,Customer_01336,50,Male,Pune,Maharashtra,2025-04-15
C01337,Customer_01337,37,Female,Delhi,Delhi,2025-02-09
C01338,Customer_01338,64,Female,Bengaluru,Karnataka,2025-10-28
C01339,Customer_01339,60,Female,Surat,Gujarat,2024-12-22
C01340,Customer_01340,32,Female,Kolkata,West Bengal,2025-10-23
C01341,Customer_01341,47,Female,Udaipur,Rajasthan,2024-07-08
C01342,Customer_01342,49,Male,Nagpur,Maharashtra,2024-11-08
C01343,Customer_01343,34,Male,Ranchi,Jharkhand,2024-10-29
C01344,Customer_01344,28,Male,Gaya,Bihar,2025-12-06
C01345,Customer_01345,25,Male,Chennai,Tamil Nadu,2025-08-13
C01346,Customer_01346,54,Male,Bengaluru,Karnataka,2026-06-29
C01347,Customer_01347,61,Male,Chennai,Tamil Nadu,2024-06-21
C01348,Customer_01348,20,Male,Lucknow,Uttar Pradesh,2024-04-13
C01349,Customer_01349,49,Male,Ahmedabad,Gujarat,2025-09-22
C01350,Customer_01350,19,Male,Durgapur,West Bengal,2024-05-29
C01351,Customer_01351,52,Female,Varanasi,Uttar Pradesh,2026-02-13
C01352,Customer_01352,43,Female,Bhagalpur,Bihar,2025-05-21
C01353,Customer_01353,55,Female,Patna,Bihar,2024-04-02
C01354,Customer_01354,22,Male,Pune,Maharashtra,2024-09-26
C01355,Customer_01355,46,Male,Bhagalpur,Bihar,2025-02-25
C01356,Customer_01356,56,Male,Coimbatore,Tamil Nadu,2026-05-16
C01357,Customer_01357,31,Female,Durgapur,West Bengal,2024-09-04
C01358,Customer_01358,60,Male,Kolkata,West Bengal,2024-03-30
C01359,Customer_01359,40,Male,Delhi,Delhi,2024-09-07
C01360,Customer_01360,49,Female,Kanpur,Uttar Pradesh,2025-01-11
C01361,Customer_01361,32,Female,Bengaluru,Karnataka,2026-03-19
C01362,Customer_01362,61,Female,Mysuru,Karnataka,2024-05-08
C01363,Customer_01363,46,Male,Mumbai,Maharashtra,2026-01-20
C01364,Customer_01364,40,Male,Jaipur,Rajasthan,2026-01-03
C01365,Customer_01365,31,Female,Bengaluru,Karnataka,2024-04-17
C01366,Customer_01366,36,Male,Gaya,Bihar,2025-12-30
C01367,Customer_01367,19,Female,Delhi,Delhi,2026-01-15
C01368,Customer_01368,46,Male,Delhi,Delhi,2024-06-17
C01369,Customer_01369,62,Female,Patna,Bihar,2025-05-19
C01370,Customer_01370,52,Female,Nagpur,Maharashtra,2025-09-24
C01371,Customer_01371,61,Male,Bengaluru,Karnataka,2025-05-16
C01372,Customer_01372,63,Male,Mumbai,Maharashtra,2024-12-30
C01373,Customer_01373,51,Male,Gaya,Bihar,2025-08-14
C01374,Customer_01374,63,Female,Varanasi,Uttar Pradesh,2025-06-04
C01375,Customer_01375,55,Female,Gaya,Bihar,2024-11-09
C01376,Customer_01376,44,Female,Nagpur,Maharashtra,2026-03-22
C01377,Customer_01377,44,Female,Bengaluru,Karnataka,2025-02-11
C01378,Customer_01378,65,Female,Kolkata,West Bengal,2026-06-28
C01379,Customer_01379,49,Female,Jaipur,Rajasthan,2025-10-13
C01380,Customer_01380,38,Male,Mumbai,Maharashtra,2024-11-11
C01381,Customer_01381,41,Male,Gaya,Bihar,2025-07-23
C01382,Customer_01382,62,Female,Jaipur,Rajasthan,2024-05-27
C01383,Customer_01383,30,Male,Mysuru,Karnataka,2025-04-23
C01384,Customer_01384,51,Female,New Delhi,Delhi,2025-06-29
C01385,Customer_01385,32,Male,Ranchi,Jharkhand,2024-03-25
C01386,Customer_01386,20,Female,Ranchi,Jharkhand,2024-07-30
C01387,Customer_01387,49,Male,Ahmedabad,Gujarat,2025-08-23
C01388,Customer_01388,64,Male,Mysuru,Karnataka,2025-12-24
C01389,Customer_01389,56,Female,Durgapur,West Bengal,2025-12-04
C01390,Customer_01390,58,Female,New Delhi,Delhi,2026-04-23
C01391,Customer_01391,61,Female,Gaya,Bihar,2025-01-10
C01392,Customer_01392,48,Female,Jamshedpur,Jharkhand,2026-03-24
C01393,Customer_01393,54,Male,Jaipur,Rajasthan,2024-06-27
C01394,Customer_01394,32,Male,Coimbatore,Tamil Nadu,2024-04-16
C01395,Customer_01395,25,Male,Jaipur,Rajasthan,2025-07-14
C01396,Customer_01396,39,Male,Bengaluru,Karnataka,2024-03-17
C01397,Customer_01397,65,Female,Varanasi,Uttar Pradesh,2025-03-29
C01398,Customer_01398,37,Female,Durgapur,West Bengal,2024-02-12
C01399,Customer_01399,26,Male,New Delhi,Delhi,2024-11-12
C01400,Customer_01400,38,Female,Nagpur,Maharashtra,2025-03-14
C01401,Customer_01401,20,Female,Kanpur,Uttar Pradesh,2026-01-04
C01402,Customer_01402,47,Female,Gaya,Bihar,2026-06-27
C01403,Customer_01403,29,Male,Ranchi,Jharkhand,2025-04-07
C01404,Customer_01404,32,Female,Durgapur,West Bengal,2026-06-23
C01405,Customer_01405,53,Male,Delhi,Delhi,2024-10-05
C01406,Customer_01406,22,Female,Bhagalpur,Bihar,2024-06-24
C01407,Customer_01407,23,Male,Patna,Bihar,2025-07-13
C01408,Customer_01408,22,Male,Pune,Maharashtra,2025-11-15
C01409,Customer_01409,48,Male,Surat,Gujarat,2025-02-09
C01410,Customer_01410,53,Male,Patna,Bihar,2025-11-17
C01411,Customer_01411,26,Male,Ranchi,Jharkhand,2025-08-08
C01412,Customer_01412,39,Male,Bhagalpur,Bihar,2024-02-18
C01413,Customer_01413,26,Male,Varanasi,Uttar Pradesh,2024-10-06
C01414,Customer_01414,47,Female,Lucknow,Uttar Pradesh,2026-06-26
C01415,Customer_01415,55,Female,Varanasi,Uttar Pradesh,2025-11-25
C01416,Customer_01416,28,Female,Bhagalpur,Bihar,2024-05-23
C01417,Customer_01417,21,Male,Durgapur,West Bengal,2025-10-11
C01418,Customer_01418,54,Female,Mysuru,Karnataka,2024-11-10
C01419,Customer_01419,47,Female,Mysuru,Karnataka,2026-06-09
C01420,Customer_01420,52,Female,Jaipur,Rajasthan,2024-10-10
C01421,Customer_01421,38,Male,Bhagalpur,Bihar,2025-01-16
C01422,Customer_01422,48,Male,New Delhi,Delhi,2024-04-20
C01423,Customer_01423,64,Male,Coimbatore,Tamil Nadu,2025-01-30
C01424,Customer_01424,53,Male,Ahmedabad,Gujarat,2026-03-16
C01425,Customer_01425,55,Male,Surat,Gujarat,2025-02-20
C01426,Customer_01426,22,Male,Coimbatore,Tamil Nadu,2025-12-13
C01427,Customer_01427,32,Male,Pune,Maharashtra,2025-10-30
C01428,Customer_01428,42,Male,Mysuru,Karnataka,2026-03-06
C01429,Customer_01429,34,Male,Delhi,Delhi,2026-01-14
C01430,Customer_01430,54,Male,Gaya,Bihar,2025-02-16
C01431,Customer_01431,58,Female,Durgapur,West Bengal,2024-08-05
C01432,Customer_01432,59,Female,New Delhi,Delhi,2026-05-09
C01433,Customer_01433,63,Male,New Delhi,Delhi,2026-01-21
C01434,Customer_01434,34,Male,New Delhi,Delhi,2025-08-31
C01435,Customer_01435,18,Male,Mysuru,Karnataka,2025-01-31
C01436,Customer_01436,46,Female,Delhi,Delhi,2026-06-01
C01437,Customer_01437,53,Male,Chennai,Tamil Nadu,2025-11-10
C01438,Customer_01438,36,Female,Bengaluru,Karnataka,2025-11-19
C01439,Customer_01439,46,Male,Varanasi,Uttar Pradesh,2024-09-05
C01440,Customer_01440,64,Male,Chennai,Tamil Nadu,2025-04-24
C01441,Customer_01441,34,Male,Muzaffarpur,Bihar,2024-11-10
C01442,Customer_01442,40,Female,Udaipur,Rajasthan,2025-12-11
C01443,Customer_01443,49,Female,Chennai,Tamil Nadu,2024-11-29
C01444,Customer_01444,58,Female,Udaipur,Rajasthan,2024-10-17
C01445,Customer_01445,48,Male,Bhagalpur,Bihar,2025-03-09
C01446,Customer_01446,60,Female,Durgapur,West Bengal,2025-04-14
C01447,Customer_01447,65,Male,Surat,Gujarat,2025-07-10
C01448,Customer_01448,36,Male,Surat,Gujarat,2025-08-26
C01449,Customer_01449,32,Female,Kanpur,Uttar Pradesh,2024-09-28
C01450,Customer_01450,36,Male,Jaipur,Rajasthan,2024-04-30
C01451,Customer_01451,36,Male,Mumbai,Maharashtra,2024-04-18
C01452,Customer_01452,40,Male,Kolkata,West Bengal,2024-05-12
C01453,Customer_01453,30,Male,Bhagalpur,Bihar,2026-06-25
C01454,Customer_01454,57,Male,Bengaluru,Karnataka,2025-10-26
C01455,Customer_01455,34,Female,Gaya,Bihar,2024-07-25
C01456,Customer_01456,49,Male,Ranchi,Jharkhand,2025-04-22
C01457,Customer_01457,57,Male,Ahmedabad,Gujarat,2024-04-10
C01458,Customer_01458,18,Male,Kolkata,West Bengal,2026-01-26
C01459,Customer_01459,52,Female,Ranchi,Jharkhand,2025-01-07
C01460,Customer_01460,55,Male,Patna,Bihar,2025-05-12
C01461,Customer_01461,58,Male,Kanpur,Uttar Pradesh,2024-05-20
C01462,Customer_01462,64,Female,Surat,Gujarat,2025-10-28
C01463,Customer_01463,22,Male,Nagpur,Maharashtra,2025-04-06
C01464,Customer_01464,51,Female,Delhi,Delhi,2024-05-20
C01465,Customer_01465,39,Female,Kanpur,Uttar Pradesh,2026-04-10
C01466,Customer_01466,25,Male,Ranchi,Jharkhand,2025-10-07
C01467,Customer_01467,18,Male,Durgapur,West Bengal,2024-08-21
C01468,Customer_01468,43,Male,Kolkata,West Bengal,2024-08-16
C01469,Customer_01469,51,Female,Bengaluru,Karnataka,2024-07-22
C01470,Customer_01470,65,Female,Chennai,Tamil Nadu,2024-10-01
C01471,Customer_01471,61,Male,Varanasi,Uttar Pradesh,2024-07-08
C01472,Customer_01472,22,Female,Chennai,Tamil Nadu,2024-08-22
C01473,Customer_01473,64,Female,Delhi,Delhi,2026-06-20
C01474,Customer_01474,42,Female,Patna,Bihar,2026-06-07
C01475,Customer_01475,50,Female,Muzaffarpur,Bihar,2025-06-01
C01476,Customer_01476,51,Female,Muzaffarpur,Bihar,2024-11-26
C01477,Customer_01477,64,Female,Jaipur,Rajasthan,2024-03-03
C01478,Customer_01478,44,Male,Jamshedpur,Jharkhand,2024-11-13
C01479,Customer_01479,61,Female,Nagpur,Maharashtra,2025-11-27
C01480,Customer_01480,40,Female,Gaya,Bihar,2024-09-04
C01481,Customer_01481,42,Male,Coimbatore,Tamil Nadu,2025-11-08
C01482,Customer_01482,64,Female,Coimbatore,Tamil Nadu,2024-04-28
C01483,Customer_01483,21,Female,Jaipur,Rajasthan,2025-03-03
C01484,Customer_01484,25,Female,Nagpur,Maharashtra,2024-06-20
C01485,Customer_01485,35,Male,Chennai,Tamil Nadu,2026-02-17
C01486,Customer_01486,53,Male,Jamshedpur,Jharkhand,2026-03-31
C01487,Customer_01487,55,Male,Udaipur,Rajasthan,2025-11-14
C01488,Customer_01488,23,Male,Coimbatore,Tamil Nadu,2024-10-10
C01489,Customer_01489,63,Male,Surat,Gujarat,2025-08-08
C01490,Customer_01490,29,Female,Udaipur,Rajasthan,2024-12-06
C01491,Customer_01491,21,Male,Mysuru,Karnataka,2024-11-19
C01492,Customer_01492,36,Male,Pune,Maharashtra,2025-03-04
C01493,Customer_01493,40,Female,Pune,Maharashtra,2025-02-14
C01494,Customer_01494,43,Female,Jamshedpur,Jharkhand,2026-03-20
C01495,Customer_01495,30,Female,Jaipur,Rajasthan,2025-12-08
C01496,Customer_01496,63,Male,New Delhi,Delhi,2025-10-12
C01497,Customer_01497,63,Male,Varanasi,Uttar Pradesh,2024-11-18
C01498,Customer_01498,43,Male,Lucknow,Uttar Pradesh,2026-03-29
C01499,Customer_01499,20,Female,Bengaluru,Karnataka,2026-06-03
C01500,Customer_01500,57,Female,Mysuru,Karnataka,2024-05-20
