Order_ID,Order_Date,Customer_ID,Product_ID,Quantity,Unit_Price,Discount,Region,Sales_Channel,Payment_Method
ORD00226,2026-01-01,C0058,P109,4,299.67,0.1,West,Online,Card
ORD00714,2026-01-01,C0159,P109,5,337.86,0.0,North,Online,Card
ORD00693,2026-01-01,C0147,P119,4,655.58,0.0,South,Online,Card
ORD00452,2026-01-01,C0008,P115,7,2416.68,0.05,East,Online,Card
ORD00106,2026-01-01,C0046,P104,3,975.48,0.1,East,Online,Card
ORD00399,2026-01-01,C0102,P117,2,35.66,0.1,West,Store,Card
ORD00615,2026-01-01,C0120,P101,6,1004.49,0.0,East,Online,Card
ORD00625,2026-01-01,C0078,P117,6,36.47,0.0,North,Online,Card
ORD00253,2026-01-01,C0088,P107,2,84.62,0.15,North,Store,Card
ORD00798,2026-01-02,C0078,P117,4,34.69,0.15,South,Online,Card
ORD00277,2026-01-03,C0193,P113,4,2322.18,0.0,East,Online,UPI
ORD00004,2026-01-03,C0151,P106,3,47.07,0.05,North,Online,Card
ORD00092,2026-01-03,C0049,P111,6,688.8,0.0,East,Online,UPI
ORD00125,2026-01-03,C0057,P105,1,1335.98,0.1,North,Online,UPI
ORD00410,2026-01-03,C0160,P117,3,35.41,0.05,West,Online,UPI
ORD00847,2026-01-04,C0141,P105,4,1190.89,0.15,East,Store,UPI
ORD00347,2026-01-04,C0072,P105,1,1196.13,0.0,West,Online,Cash
ORD00369,2026-01-04,C0046,P120,5,381.74,0.1,North,Store,Net Banking
ORD00110,2026-01-04,C0077,P117,2,38.25,0.05,South,Online,Card
ORD00415,2026-01-05,C0148,P104,2,937.26,0.1,West,Online,Card
ORD00469,2026-01-05,C0003,P119,2,642.35,0.1,South,Store,Cash
ORD00552,2026-01-05,C0008,P108,2,94.44,0.05,West,Store,Cash
ORD00058,2026-01-05,C0096,P104,1,841.52,0.1,West,Online,Card
ORD00535,2026-01-05,C0079,P111,2,755.41,0.1,West,Online,UPI
ORD00811,2026-01-05,C0158,P113,6,2416.71,0.0,West,Online,UPI
ORD00218,2026-01-05,C0100,P115,6,2232.49,0.15,East,Online,Cash
ORD00328,2026-01-06,C0147,P104,4,814.4,0.15,East,Store,Net Banking
ORD00085,2026-01-06,C0037,P119,5,682.2,0.15,South,Store,Card
ORD00182,2026-01-06,C0037,P101,7,895.21,0.0,East,Online,Card
ORD00364,2026-01-06,C0024,P113,3,2309.29,0.15,West,Store,Net Banking
ORD00786,2026-01-07,C0117,P120,2,382.14,0.05,West,Online,UPI
ORD00784,2026-01-07,C0080,P116,5,442.77,0.05,West,Online,Card
ORD00276,2026-01-07,C0118,P112,2,2083.49,0.05,South,Online,UPI
ORD00254,2026-01-08,C0109,P117,5,31.42,0.05,East,Online,UPI
ORD00728,2026-01-08,C0075,P105,5,1358.98,0.05,South,Online,Net Banking
ORD00764,2026-01-08,C0117,P102,2,434.71,0.0,South,Online,Card
ORD00748,2026-01-08,C0011,P109,2,378.0,0.1,South,Store,Net Banking
ORD00320,2026-01-08,C0184,P111,3,650.92,0.0,West,Store,UPI
ORD00019,2026-01-08,C0167,P120,6,408.07,0.05,North,Online,Net Banking
ORD00978,2026-01-08,C0144,P102,3,430.98,0.1,North,Store,UPI
ORD00200,2026-01-08,C0091,P115,6,2130.2,0.1,East,Store,Card
ORD00837,2026-01-09,C0118,P117,7,32.7,0.1,North,Online,UPI
ORD00429,2026-01-09,C0194,P110,2,1147.61,0.1,East,Store,UPI
ORD00734,2026-01-10,C0143,P104,7,925.59,0.05,East,Store,Cash
ORD00414,2026-01-10,C0092,P106,4,45.7,0.2,South,Online,Card
ORD00534,2026-01-10,C0066,P118,1,8873.23,0.05,North,Store,UPI
ORD00054,2026-01-10,C0013,P118,2,9228.69,0.1,North,Online,UPI
ORD01000,2026-01-10,C0032,P104,7,852.01,0.1,South,Store,Card
ORD00908,2026-01-11,C0125,P116,3,459.53,0.0,West,Online,Card
ORD00613,2026-01-11,C0165,P112,4,1788.08,0.05,North,Online,Net Banking
ORD00067,2026-01-11,C0184,P109,1,299.04,0.0,North,Online,Net Banking
ORD00569,2026-01-11,C0014,P101,2,898.8,0.1,South,Store,Card
ORD00460,2026-01-11,C0127,P112,1,1708.65,0.0,South,Online,Card
ORD00803,2026-01-11,C0027,P105,4,1353.89,0.05,North,Online,Net Banking
ORD00910,2026-01-11,C0169,P101,2,920.15,0.1,South,Online,Cash
ORD00009,2026-01-12,C0079,P101,2,997.88,0.1,East,Store,Net Banking
ORD00973,2026-01-12,C0121,P105,1,1369.22,0.0,South,Online,Cash
ORD00991,2026-01-12,C0108,P107,4,89.49,0.0,South,Store,Cash
ORD00961,2026-01-12,C0150,P106,1,44.26,0.0,East,Online,UPI
ORD00128,2026-01-12,C0120,P106,7,45.37,0.15,West,Online,UPI
ORD00883,2026-01-12,C0161,P112,6,1677.54,0.2,North,Online,UPI
ORD00229,2026-01-12,C0170,P104,6,873.9,0.15,South,Store,UPI
ORD00305,2026-01-13,C0015,P107,3,76.0,0.1,North,Store,Cash
ORD00420,2026-01-13,C0002,P101,4,964.93,0.05,South,Online,Cash
ORD00485,2026-01-14,C0173,P102,3,445.08,0.15,South,Store,UPI
ORD00263,2026-01-14,C0079,P114,6,245.22,0.1,West,Online,UPI
ORD00463,2026-01-14,C0132,P118,3,9039.61,0.15,West,Online,UPI
ORD00272,2026-01-14,C0012,P120,3,384.49,0.1,West,Store,Card
ORD00836,2026-01-14,C0196,P115,2,2253.02,0.05,South,Store,UPI
ORD00515,2026-01-15,C0186,P115,4,2155.09,0.0,West,Online,UPI
ORD00288,2026-01-15,C0007,P108,3,107.5,0.15,South,Online,Card
ORD00549,2026-01-15,C0143,P115,6,2593.86,0.05,East,Online,Card
ORD00012,2026-01-16,C0137,P102,7,425.71,0.0,South,Online,Card
ORD00865,2026-01-17,C0091,P113,7,2689.28,0.15,North,Online,Net Banking
ORD00177,2026-01-17,C0133,P117,2,33.26,0.1,East,Online,UPI
ORD00655,2026-01-17,C0151,P112,6,2049.87,0.1,South,Store,UPI
ORD00428,2026-01-17,C0103,P112,5,1768.66,0.1,South,Store,UPI
ORD00943,2026-01-17,C0200,P105,7,1363.65,0.1,East,Store,Card
ORD00968,2026-01-17,C0047,P120,4,454.84,0.1,West,Online,UPI
ORD00297,2026-01-17,C0058,P104,3,944.53,0.1,West,Online,Card
ORD00713,2026-01-18,C0077,P102,3,387.44,0.0,West,Store,Net Banking
ORD00284,2026-01-18,C0029,P112,3,1686.4,0.0,West,Online,UPI
ORD00392,2026-01-19,C0110,P118,5,8608.86,0.1,East,Store,UPI
ORD00962,2026-01-19,C0044,P104,4,832.9,0.1,South,Online,UPI
ORD00712,2026-01-19,C0073,P108,3,116.18,0.1,North,Store,Card
ORD00395,2026-01-20,C0032,P111,6,658.03,0.1,South,Online,UPI
ORD00810,2026-01-20,C0164,P107,2,83.42,0.1,West,Online,Net Banking
ORD00217,2026-01-21,C0170,P102,4,449.77,0.05,North,Store,Cash
ORD00343,2026-01-21,C0012,P107,5,84.21,0.1,South,Store,Net Banking
ORD00223,2026-01-22,C0007,P104,2,984.4,0.0,South,Online,UPI
ORD00844,2026-01-22,C0106,P101,1,964.7,0.0,South,Online,Net Banking
ORD00491,2026-01-23,C0051,P110,3,1230.43,0.05,East,Online,UPI
ORD00094,2026-01-23,C0088,P115,3,2397.08,0.1,West,Store,Cash
ORD00575,2026-01-23,C0089,P104,1,928.2,0.0,West,Online,UPI
ORD00822,2026-01-24,C0108,P119,6,662.58,0.1,West,Store,Net Banking
ORD00663,2026-01-25,C0119,P119,7,629.73,0.0,East,Online,Cash
ORD00307,2026-01-25,C0029,P109,5,319.84,0.1,West,Online,UPI
ORD00303,2026-01-25,C0141,P110,5,1234.66,0.0,East,Online,Card
ORD00841,2026-01-25,C0172,P118,3,7746.95,0.0,North,Online,UPI
ORD00988,2026-01-25,C0118,P112,6,1888.38,0.05,East,Online,UPI
ORD00950,2026-01-25,C0086,P110,6,1128.71,0.15,West,Store,UPI
ORD00205,2026-01-25,C0168,P111,5,677.59,0.0,South,Online,Cash
ORD00645,2026-01-25,C0029,P103,3,167.26,0.05,West,Online,Net Banking
ORD00997,2026-01-26,C0198,P115,7,2275.6,0.0,North,Online,Net Banking
ORD00330,2026-01-26,C0197,P110,3,1296.6,0.1,North,Online,UPI
ORD00239,2026-01-26,C0002,P117,7,32.78,0.1,West,Online,Card
ORD00564,2026-01-26,C0041,P118,4,7952.73,0.05,South,Online,Cash
ORD00069,2026-01-26,C0010,P113,5,2716.57,0.05,North,Online,Net Banking
ORD00251,2026-01-26,C0188,P117,7,30.0,0.0,East,Online,Card
ORD00905,2026-01-26,C0067,P109,3,306.27,0.1,South,Store,Card
ORD00383,2026-01-26,C0088,P115,6,2673.54,0.05,East,Online,UPI
ORD00876,2026-01-27,C0147,P106,1,42.99,0.1,West,Online,UPI
ORD00566,2026-01-27,C0060,P108,1,100.6,0.0,East,Online,UPI
ORD00074,2026-01-27,C0133,P115,3,2298.27,0.05,South,Online,UPI
ORD00293,2026-01-28,C0111,P112,2,2016.08,0.1,South,Store,UPI
ORD00265,2026-01-28,C0022,P112,4,2158.74,0.0,South,Online,Net Banking
ORD00028,2026-01-28,C0188,P110,7,1361.57,0.0,West,Online,Cash
ORD00705,2026-01-29,C0063,P111,6,707.26,0.05,North,Store,Card
ORD00795,2026-01-29,C0141,P120,6,449.1,0.0,North,Online,Cash
ORD00171,2026-01-29,C0005,P111,7,615.07,0.1,North,Store,Card
ORD00850,2026-01-29,C0118,P108,3,96.0,0.1,North,Online,Cash
ORD00608,2026-01-29,C0028,P112,2,1681.18,0.05,West,Online,UPI
ORD00906,2026-01-29,C0042,P108,3,109.49,0.05,West,Store,UPI
ORD00670,2026-01-29,C0102,P104,3,1006.7,0.1,South,Online,Card
ORD00155,2026-01-30,C0101,P106,6,53.24,0.1,East,Store,Cash
ORD00465,2026-01-30,C0058,P103,3,145.08,0.0,East,Online,UPI
ORD00166,2026-01-30,C0076,P116,3,429.97,0.15,North,Store,UPI
ORD00056,2026-01-30,C0018,P102,6,426.59,0.05,North,Store,Cash
ORD00709,2026-01-30,C0089,P109,5,302.28,0.1,East,Online,Net Banking
ORD00604,2026-01-31,C0001,P112,3,1997.69,0.0,North,Online,Card
ORD00878,2026-01-31,C0183,P116,3,464.12,0.1,East,Online,Net Banking
ORD00358,2026-01-31,C0199,P113,5,2314.65,0.0,North,Online,UPI
ORD00115,2026-02-01,C0059,P104,1,940.15,0.05,East,Store,UPI
ORD00999,2026-02-01,C0200,P111,6,739.13,0.05,North,Online,UPI
ORD00770,2026-02-01,C0037,P118,7,7760.96,0.05,North,Online,UPI
ORD00486,2026-02-01,C0136,P106,7,44.99,0.0,East,Store,Cash
ORD00733,2026-02-01,C0089,P109,4,360.98,0.05,South,Online,UPI
ORD00744,2026-02-01,C0049,P112,6,1825.12,0.1,South,Online,Card
ORD00703,2026-02-01,C0192,P120,1,443.93,0.1,West,Online,UPI
ORD00925,2026-02-02,C0073,P111,5,688.01,0.15,East,Store,UPI
ORD00340,2026-02-02,C0064,P113,5,2573.01,0.0,North,Online,Card
ORD00530,2026-02-02,C0105,P103,4,174.26,0.05,East,Online,UPI
ORD00060,2026-02-02,C0039,P101,7,849.55,0.05,East,Online,Card
ORD00518,2026-02-02,C0148,P120,4,446.09,0.05,East,Online,UPI
ORD00116,2026-02-03,C0072,P106,3,51.06,0.15,North,Store,Card
ORD00232,2026-02-03,C0107,P102,4,428.36,0.05,South,Online,UPI
ORD00318,2026-02-03,C0081,P102,4,432.44,0.05,West,Online,Card
ORD00181,2026-02-03,C0198,P112,7,1740.46,0.1,East,Online,UPI
ORD00864,2026-02-03,C0154,P111,7,680.76,0.1,South,Online,Card
ORD00466,2026-02-04,C0022,P105,5,1086.17,0.15,South,Online,UPI
ORD00643,2026-02-04,C0126,P101,6,962.7,0.0,North,Online,UPI
ORD00046,2026-02-04,C0170,P115,3,2506.27,0.15,South,Online,UPI
ORD00952,2026-02-04,C0130,P118,3,9325.34,0.0,East,Store,Net Banking
ORD00451,2026-02-04,C0114,P106,5,43.09,0.1,South,Online,Card
ORD00766,2026-02-04,C0153,P101,1,1068.65,0.1,North,Online,Net Banking
ORD00926,2026-02-05,C0136,P115,1,2569.79,0.15,South,Online,Card
ORD00361,2026-02-05,C0192,P104,7,772.94,0.15,East,Online,Card
ORD00252,2026-02-05,C0192,P103,1,147.84,0.15,North,Online,Cash
ORD00563,2026-02-05,C0166,P103,3,181.33,0.1,South,Store,Net Banking
ORD00903,2026-02-05,C0085,P112,2,1826.67,0.0,South,Store,UPI
ORD00794,2026-02-05,C0021,P111,3,673.55,0.0,East,Online,UPI
ORD00404,2026-02-06,C0088,P103,6,142.62,0.1,North,Online,Cash
ORD00599,2026-02-06,C0001,P120,5,437.32,0.1,South,Online,Card
ORD00854,2026-02-06,C0009,P112,1,1706.21,0.15,North,Online,Net Banking
ORD00812,2026-02-06,C0146,P111,6,602.44,0.05,South,Online,UPI
ORD00524,2026-02-07,C0188,P103,2,169.6,0.0,South,Store,Cash
ORD00285,2026-02-07,C0164,P115,1,2782.91,0.1,North,Online,Net Banking
ORD00648,2026-02-07,C0184,P106,3,42.25,0.15,East,Store,Card
ORD00433,2026-02-07,C0174,P110,1,1184.64,0.1,North,Online,UPI
ORD00151,2026-02-07,C0089,P108,6,106.52,0.05,East,Store,UPI
ORD00572,2026-02-07,C0070,P116,4,488.14,0.0,West,Online,UPI
ORD00403,2026-02-07,C0179,P110,7,1132.05,0.05,West,Online,Card
ORD00540,2026-02-07,C0170,P112,5,1842.19,0.05,South,Store,Card
ORD00914,2026-02-08,C0019,P107,5,79.27,0.0,West,Store,Card
ORD00295,2026-02-08,C0160,P103,1,150.2,0.1,West,Online,UPI
ORD00483,2026-02-08,C0055,P117,4,30.54,0.15,East,Store,Cash
ORD00505,2026-02-08,C0189,P106,5,50.38,0.0,East,Online,UPI
ORD00120,2026-02-08,C0054,P120,7,439.47,0.1,North,Online,Card
ORD00951,2026-02-08,C0070,P119,7,566.13,0.15,South,Online,Card
ORD00909,2026-02-09,C0167,P104,6,881.32,0.05,West,Online,UPI
ORD00610,2026-02-09,C0107,P109,5,336.63,0.0,West,Online,Cash
ORD00838,2026-02-09,C0007,P115,6,2362.32,0.1,East,Store,Card
ORD00481,2026-02-09,C0122,P109,7,387.08,0.0,South,Store,Cash
ORD00942,2026-02-09,C0008,P118,4,8058.74,0.05,East,Store,UPI
ORD00453,2026-02-09,C0072,P118,4,8863.66,0.15,East,Store,UPI
ORD00359,2026-02-09,C0131,P112,2,1871.53,0.1,North,Store,Card
ORD00862,2026-02-10,C0152,P102,7,442.98,0.1,East,Online,Net Banking
ORD00611,2026-02-10,C0165,P102,2,390.93,0.15,South,Store,Cash
ORD00031,2026-02-10,C0131,P117,5,34.31,0.0,North,Store,UPI
ORD00478,2026-02-11,C0141,P117,4,35.11,0.15,East,Online,Net Banking
ORD00513,2026-02-11,C0094,P114,1,278.28,0.05,South,Store,UPI
ORD00860,2026-02-11,C0170,P109,1,308.92,0.1,South,Store,Card
ORD00949,2026-02-11,C0003,P111,7,721.2,0.05,North,Online,UPI
ORD00325,2026-02-11,C0187,P105,5,1315.23,0.0,East,Online,Net Banking
ORD00565,2026-02-12,C0062,P111,1,773.19,0.1,East,Online,UPI
ORD00188,2026-02-12,C0114,P101,6,1068.87,0.1,East,Online,UPI
ORD00386,2026-02-13,C0064,P107,4,77.57,0.05,South,Online,UPI
ORD00302,2026-02-13,C0099,P111,7,764.3,0.0,South,Online,Card
ORD00964,2026-02-13,C0036,P109,5,305.8,0.05,North,Online,Net Banking
ORD00236,2026-02-14,C0159,P111,2,625.43,0.05,East,Online,Net Banking
ORD00772,2026-02-15,C0015,P112,5,2162.93,0.15,West,Online,UPI
ORD00578,2026-02-15,C0163,P119,4,587.02,0.15,West,Online,Net Banking
ORD00045,2026-02-15,C0016,P109,3,311.89,0.15,East,Online,UPI
ORD00895,2026-02-15,C0078,P103,7,153.17,0.0,South,Store,UPI
ORD00616,2026-02-15,C0044,P103,1,164.45,0.05,East,Online,Net Banking
ORD00231,2026-02-15,C0160,P108,7,100.04,0.1,West,Store,Net Banking
ORD00576,2026-02-16,C0028,P106,4,43.73,0.15,West,Store,UPI
ORD00240,2026-02-16,C0077,P108,6,103.89,0.05,East,Online,UPI
ORD00259,2026-02-16,C0074,P113,1,2685.08,0.0,West,Store,Card
ORD00972,2026-02-16,C0158,P104,5,790.03,0.1,West,Store,Cash
ORD00554,2026-02-16,C0087,P110,5,1240.01,0.05,East,Online,Card
ORD00998,2026-02-16,C0150,P102,7,412.21,0.1,East,Store,UPI
ORD00398,2026-02-16,C0033,P106,6,49.9,0.15,North,Store,UPI
ORD00543,2026-02-16,C0125,P109,6,364.03,0.2,West,Store,Net Banking
ORD00051,2026-02-16,C0170,P118,6,9510.08,0.15,North,Online,Net Banking
ORD00138,2026-02-16,C0122,P105,5,1149.38,0.1,South,Online,UPI
ORD00800,2026-02-16,C0196,P111,6,627.09,0.05,West,Store,Net Banking
ORD00248,2026-02-17,C0017,P112,1,2044.84,0.05,North,Store,Cash
ORD00706,2026-02-18,C0073,P103,2,182.21,0.1,South,Store,Net Banking
ORD00691,2026-02-18,C0033,P114,2,274.39,0.15,North,Online,UPI
ORD00966,2026-02-18,C0077,P113,5,2263.54,0.05,North,Online,Card
ORD00678,2026-02-18,C0171,P114,2,248.19,0.05,West,Store,Card
ORD00437,2026-02-18,C0119,P113,7,2557.43,0.1,North,Store,UPI
ORD00127,2026-02-19,C0003,P102,6,405.26,0.0,West,Store,Cash
ORD00152,2026-02-19,C0073,P103,4,176.24,0.05,East,Online,UPI
ORD00168,2026-02-20,C0009,P110,6,1372.5,0.0,South,Online,UPI
ORD00107,2026-02-20,C0088,P104,3,917.62,0.1,South,Online,Net Banking
ORD00607,2026-02-20,C0118,P115,2,2539.13,0.0,East,Store,Card
ORD00901,2026-02-20,C0035,P103,4,175.75,0.0,South,Online,UPI
ORD00760,2026-02-20,C0048,P113,5,2489.59,0.0,North,Online,Cash
ORD00215,2026-02-20,C0089,P108,2,95.79,0.0,West,Online,Card
ORD00161,2026-02-21,C0123,P117,5,34.0,0.15,West,Store,Card
ORD00635,2026-02-22,C0059,P102,7,384.79,0.05,East,Store,Cash
ORD00817,2026-02-22,C0090,P114,6,245.3,0.1,North,Store,Card
ORD00885,2026-02-22,C0149,P111,4,635.29,0.05,West,Online,UPI
ORD00096,2026-02-22,C0140,P119,5,542.73,0.1,East,Online,Card
ORD00183,2026-02-22,C0060,P105,4,1231.53,0.1,North,Store,UPI
ORD00501,2026-02-22,C0059,P107,5,73.45,0.1,North,Online,Net Banking
ORD00917,2026-02-23,C0042,P101,3,1014.78,0.1,East,Online,UPI
ORD00130,2026-02-23,C0005,P110,1,1305.05,0.05,South,Online,UPI
ORD00002,2026-02-23,C0199,P116,5,488.86,0.1,North,Online,Cash
ORD00898,2026-02-23,C0153,P106,3,51.3,0.1,East,Online,Card
ORD00756,2026-02-23,C0003,P104,7,849.24,0.1,West,Online,Net Banking
ORD00971,2026-02-24,C0190,P116,1,502.0,0.15,South,Online,UPI
ORD00628,2026-02-24,C0020,P111,5,678.24,0.1,North,Store,UPI
ORD00730,2026-02-24,C0088,P112,4,1969.97,0.0,South,Store,UPI
ORD00742,2026-02-24,C0093,P108,6,101.77,0.05,North,Online,Card
ORD00781,2026-02-24,C0021,P108,4,96.07,0.05,West,Store,UPI
ORD00919,2026-02-24,C0167,P115,3,2309.73,0.0,West,Store,UPI
ORD00084,2026-02-24,C0190,P102,4,411.4,0.0,East,Online,UPI
ORD00355,2026-02-24,C0027,P117,5,32.51,0.15,East,Online,Card
ORD00261,2026-02-25,C0156,P114,2,217.59,0.15,North,Online,UPI
ORD00274,2026-02-25,C0145,P115,1,2151.03,0.0,West,Online,UPI
ORD00055,2026-02-25,C0141,P110,4,1068.11,0.1,North,Online,Card
ORD00924,2026-02-25,C0131,P103,3,181.28,0.0,South,Online,Cash
ORD00244,2026-02-25,C0013,P114,7,241.05,0.15,East,Online,Card
ORD00877,2026-02-26,C0164,P103,2,176.95,0.05,North,Store,Cash
ORD00639,2026-02-26,C0012,P107,4,78.4,0.05,East,Store,UPI
ORD00970,2026-02-26,C0106,P113,6,2603.7,0.1,South,Store,UPI
ORD00135,2026-02-26,C0009,P118,7,7794.98,0.05,South,Store,Card
ORD00750,2026-02-26,C0200,P120,3,404.56,0.05,North,Store,UPI
ORD00624,2026-02-26,C0114,P116,5,510.44,0.0,South,Online,UPI
ORD00827,2026-02-28,C0071,P112,6,1771.84,0.1,West,Online,UPI
ORD00073,2026-02-28,C0084,P104,4,914.52,0.05,North,Online,Net Banking
ORD00335,2026-02-28,C0166,P107,4,79.09,0.1,East,Store,Card
ORD00993,2026-02-28,C0121,P119,5,599.35,0.15,East,Online,Cash
ORD00464,2026-03-01,C0134,P105,4,1348.75,0.1,East,Online,Net Banking
ORD00590,2026-03-01,C0195,P105,7,1348.72,0.1,West,Online,UPI
ORD00026,2026-03-01,C0152,P105,6,1329.28,0.1,West,Online,Card
ORD00456,2026-03-01,C0062,P115,1,2404.32,0.05,North,Online,Net Banking
ORD00213,2026-03-02,C0107,P117,7,34.42,0.1,South,Store,Cash
ORD00946,2026-03-02,C0044,P113,3,2737.87,0.05,North,Online,Cash
ORD00249,2026-03-02,C0104,P119,7,631.9,0.1,South,Online,UPI
ORD00222,2026-03-02,C0188,P104,6,830.8,0.1,South,Store,UPI
ORD00974,2026-03-03,C0055,P105,4,1251.3,0.0,West,Online,UPI
ORD00474,2026-03-03,C0014,P104,4,900.91,0.15,South,Online,UPI
ORD00351,2026-03-03,C0093,P102,6,373.4,0.05,North,Online,Card
ORD00702,2026-03-03,C0194,P101,2,826.2,0.05,East,Store,Net Banking
ORD00377,2026-03-03,C0166,P104,3,1000.45,0.2,North,Online,UPI
ORD00439,2026-03-03,C0049,P112,1,1825.09,0.0,West,Online,Cash
ORD00688,2026-03-04,C0089,P120,2,401.27,0.05,South,Online,UPI
ORD00070,2026-03-04,C0158,P102,6,355.02,0.0,East,Online,UPI
ORD00492,2026-03-04,C0044,P105,2,1248.6,0.05,West,Store,Cash
ORD00425,2026-03-04,C0116,P112,4,2169.43,0.0,North,Online,UPI
ORD00725,2026-03-04,C0023,P105,7,1311.21,0.0,West,Online,Card
ORD00626,2026-03-04,C0130,P105,4,1300.54,0.05,West,Store,UPI
ORD00247,2026-03-04,C0113,P120,4,364.5,0.05,South,Online,UPI
ORD00644,2026-03-04,C0050,P108,5,109.72,0.1,South,Store,UPI
ORD00671,2026-03-04,C0005,P108,3,116.62,0.1,North,Online,Cash
ORD00402,2026-03-05,C0011,P119,3,563.21,0.1,South,Store,Net Banking
ORD00331,2026-03-05,C0131,P103,7,161.75,0.05,East,Online,Card
ORD00454,2026-03-05,C0178,P111,7,664.67,0.1,North,Store,UPI
ORD00896,2026-03-05,C0077,P113,1,2692.33,0.1,South,Store,Card
ORD00457,2026-03-05,C0084,P116,3,537.5,0.0,South,Store,UPI
ORD00424,2026-03-06,C0077,P114,2,270.43,0.15,West,Store,Net Banking
ORD00749,2026-03-06,C0099,P119,7,617.28,0.15,North,Online,UPI
ORD00062,2026-03-06,C0029,P116,3,502.26,0.05,South,Store,UPI
ORD00533,2026-03-07,C0098,P120,6,433.99,0.05,North,Online,Card
ORD00144,2026-03-07,C0062,P111,3,607.91,0.0,West,Online,Card
ORD00365,2026-03-07,C0060,P104,4,781.82,0.2,West,Online,UPI
ORD00310,2026-03-08,C0116,P109,3,382.32,0.15,South,Store,UPI
ORD00509,2026-03-08,C0097,P117,4,33.14,0.0,North,Online,Card
ORD00751,2026-03-08,C0110,P108,5,95.31,0.05,North,Online,Card
ORD00759,2026-03-08,C0072,P112,2,1953.18,0.2,South,Online,Card
ORD00391,2026-03-09,C0082,P110,5,1291.8,0.1,West,Online,Card
ORD00596,2026-03-09,C0076,P105,4,1358.27,0.0,South,Online,Cash
ORD00308,2026-03-09,C0157,P116,1,497.72,0.1,South,Store,Card
ORD00555,2026-03-09,C0042,P120,7,428.94,0.05,West,Online,Card
ORD00180,2026-03-10,C0146,P105,5,1213.95,0.0,North,Store,Card
ORD00567,2026-03-10,C0125,P106,3,41.45,0.1,North,Store,UPI
ORD00923,2026-03-10,C0164,P118,1,7807.4,0.0,East,Online,UPI
ORD00438,2026-03-10,C0172,P106,5,49.25,0.15,West,Store,Net Banking
ORD00856,2026-03-11,C0010,P115,7,2263.89,0.15,South,Online,UPI
ORD00225,2026-03-11,C0045,P109,6,346.09,0.0,East,Online,Card
ORD00388,2026-03-11,C0021,P116,5,424.13,0.0,South,Online,Cash
ORD00345,2026-03-11,C0015,P114,7,217.64,0.1,South,Store,UPI
ORD00692,2026-03-12,C0001,P109,5,295.49,0.15,North,Store,Cash
ORD00600,2026-03-13,C0133,P106,3,47.63,0.1,North,Store,Card
ORD00755,2026-03-13,C0009,P119,3,612.45,0.0,South,Store,Net Banking
ORD00119,2026-03-13,C0063,P105,6,1267.73,0.05,West,Online,Net Banking
ORD00459,2026-03-13,C0111,P110,7,1330.89,0.05,East,Store,Card
ORD00482,2026-03-13,C0147,P107,5,71.3,0.2,North,Store,Cash
ORD00238,2026-03-14,C0100,P115,7,2446.92,0.1,West,Store,UPI
ORD00940,2026-03-14,C0160,P117,7,38.59,0.2,South,Store,UPI
ORD00427,2026-03-14,C0150,P104,6,864.33,0.1,North,Online,Card
ORD00570,2026-03-15,C0084,P108,3,114.17,0.0,North,Online,Card
ORD00176,2026-03-15,C0072,P115,4,2292.34,0.15,East,Store,UPI
ORD00969,2026-03-15,C0055,P117,1,30.47,0.0,East,Online,Card
ORD00785,2026-03-15,C0047,P113,1,2467.62,0.1,West,Online,UPI
ORD00537,2026-03-15,C0164,P105,3,1080.37,0.1,North,Store,Card
ORD00010,2026-03-15,C0117,P118,3,9555.45,0.0,West,Store,Card
ORD00647,2026-03-16,C0039,P115,5,2766.48,0.05,West,Online,UPI
ORD00349,2026-03-16,C0174,P120,6,363.9,0.1,South,Online,Net Banking
ORD00855,2026-03-16,C0015,P119,1,667.97,0.15,West,Online,Net Banking
ORD00368,2026-03-16,C0148,P118,4,9319.89,0.0,North,Online,Card
ORD00145,2026-03-16,C0145,P120,2,406.84,0.0,West,Store,Card
ORD00870,2026-03-17,C0019,P109,7,348.37,0.05,North,Store,UPI
ORD00449,2026-03-17,C0160,P101,5,941.71,0.05,East,Online,UPI
ORD00556,2026-03-17,C0172,P106,6,46.71,0.05,South,Online,Card
ORD00408,2026-03-18,C0121,P105,4,1155.11,0.15,West,Online,UPI
ORD00267,2026-03-19,C0148,P111,5,680.18,0.0,North,Online,UPI
ORD00443,2026-03-19,C0123,P111,7,684.86,0.1,South,Store,Net Banking
ORD00769,2026-03-19,C0048,P106,4,44.71,0.1,East,Online,Card
ORD00234,2026-03-19,C0158,P116,3,517.36,0.1,East,Store,Cash
ORD00472,2026-03-19,C0188,P101,5,858.4,0.2,South,Online,Card
ORD00715,2026-03-19,C0068,P114,3,252.32,0.0,North,Store,Net Banking
ORD00103,2026-03-19,C0039,P116,6,434.0,0.1,East,Online,UPI
ORD00370,2026-03-20,C0015,P117,4,30.11,0.0,North,Online,Card
ORD00156,2026-03-20,C0098,P110,3,1259.33,0.05,North,Store,Cash
ORD00380,2026-03-20,C0063,P115,1,2406.51,0.05,North,Store,UPI
ORD00165,2026-03-20,C0153,P102,5,414.14,0.1,North,Store,UPI
ORD00975,2026-03-21,C0144,P109,6,328.64,0.05,North,Store,UPI
ORD00195,2026-03-21,C0067,P108,5,123.17,0.15,East,Online,Card
ORD00169,2026-03-22,C0040,P118,2,9948.27,0.05,East,Online,UPI
ORD00981,2026-03-22,C0003,P103,2,161.5,0.05,East,Store,Cash
ORD00932,2026-03-22,C0013,P108,3,98.22,0.0,South,Online,Net Banking
ORD00823,2026-03-22,C0074,P112,4,1805.2,0.15,South,Store,Cash
ORD00250,2026-03-22,C0098,P114,1,250.38,0.05,North,Store,Cash
ORD00680,2026-03-22,C0114,P116,4,417.33,0.0,South,Online,UPI
ORD00154,2026-03-23,C0142,P120,7,379.32,0.1,North,Store,UPI
ORD00797,2026-03-23,C0034,P107,4,78.26,0.05,North,Online,UPI
ORD00048,2026-03-23,C0126,P102,4,415.79,0.0,West,Online,Card
ORD00324,2026-03-24,C0101,P119,1,559.05,0.0,East,Online,Net Banking
ORD00977,2026-03-24,C0145,P113,6,2295.41,0.05,West,Online,UPI
ORD00100,2026-03-24,C0171,P114,7,231.23,0.15,South,Online,UPI
ORD00470,2026-03-24,C0127,P112,2,1933.21,0.05,East,Online,UPI
ORD00423,2026-03-25,C0161,P109,4,350.87,0.05,West,Online,UPI
ORD00681,2026-03-25,C0145,P119,5,592.06,0.1,South,Store,UPI
ORD00178,2026-03-25,C0176,P113,2,2379.19,0.05,North,Store,Card
ORD00142,2026-03-26,C0178,P103,1,158.4,0.0,South,Online,UPI
ORD00068,2026-03-26,C0121,P106,3,44.36,0.0,South,Online,UPI
ORD00859,2026-03-26,C0125,P102,4,398.42,0.05,East,Online,Card
ORD00789,2026-03-26,C0025,P106,6,48.64,0.05,North,Online,Card
ORD00102,2026-03-26,C0198,P107,2,85.7,0.15,East,Online,Card
ORD00072,2026-03-27,C0103,P102,2,460.45,0.15,East,Online,UPI
ORD00532,2026-03-27,C0117,P107,3,73.32,0.0,West,Online,UPI
ORD00299,2026-03-27,C0174,P103,7,167.06,0.1,West,Online,UPI
ORD00820,2026-03-27,C0007,P108,3,103.38,0.05,West,Online,UPI
ORD00686,2026-03-27,C0076,P119,4,568.17,0.05,East,Online,UPI
ORD00874,2026-03-27,C0089,P106,6,41.87,0.15,West,Online,UPI
ORD00871,2026-03-28,C0100,P107,2,75.71,0.05,South,Online,UPI
ORD00741,2026-03-28,C0060,P115,7,2596.04,0.15,South,Store,Net Banking
ORD00768,2026-03-29,C0133,P106,5,44.32,0.0,North,Store,UPI
ORD00667,2026-03-29,C0008,P114,4,258.32,0.1,South,Online,UPI
ORD00990,2026-03-30,C0104,P111,7,682.11,0.05,East,Online,Card
ORD00476,2026-03-30,C0087,P107,4,80.01,0.2,East,Online,Cash
ORD00479,2026-03-30,C0025,P102,2,457.28,0.0,West,Online,Card
ORD00023,2026-03-31,C0017,P103,5,163.08,0.05,East,Online,UPI
ORD00400,2026-03-31,C0169,P113,3,2314.63,0.1,East,Online,Cash
ORD00230,2026-03-31,C0138,P112,6,1784.76,0.0,North,Online,UPI
ORD00646,2026-03-31,C0185,P104,1,947.21,0.0,North,Online,Card
ORD00619,2026-03-31,C0111,P109,1,349.74,0.2,North,Online,Net Banking
ORD00577,2026-03-31,C0066,P114,3,254.01,0.05,North,Store,Card
ORD00157,2026-04-01,C0011,P110,3,1188.51,0.05,East,Online,UPI
ORD00654,2026-04-01,C0084,P104,1,789.52,0.1,West,Online,Card
ORD00021,2026-04-02,C0187,P118,7,8938.05,0.05,East,Store,Net Banking
ORD00762,2026-04-02,C0198,P112,4,1874.16,0.1,North,Store,UPI
ORD00603,2026-04-02,C0171,P119,1,694.77,0.05,West,Online,Card
ORD00117,2026-04-02,C0148,P107,6,75.66,0.1,South,Store,Card
ORD00220,2026-04-02,C0155,P103,4,179.49,0.1,South,Online,Card
ORD00210,2026-04-03,C0048,P106,7,51.91,0.05,East,Store,Net Banking
ORD00747,2026-04-03,C0102,P115,4,2659.0,0.1,South,Online,Card
ORD00458,2026-04-03,C0062,P107,1,84.1,0.0,West,Online,Card
ORD00352,2026-04-04,C0053,P118,6,10043.98,0.0,East,Online,UPI
ORD00245,2026-04-04,C0046,P118,3,9774.4,0.15,East,Online,Card
ORD00374,2026-04-04,C0126,P101,4,920.18,0.1,West,Online,UPI
ORD00435,2026-04-04,C0143,P116,5,462.67,0.1,South,Online,UPI
ORD00348,2026-04-04,C0060,P116,1,489.25,0.0,North,Store,Net Banking
ORD00353,2026-04-05,C0008,P119,1,624.43,0.05,East,Online,UPI
ORD00089,2026-04-05,C0181,P102,1,417.48,0.0,East,Online,Card
ORD00196,2026-04-05,C0056,P114,7,269.63,0.0,South,Online,UPI
ORD00560,2026-04-05,C0119,P116,5,437.87,0.2,East,Online,Card
ORD00118,2026-04-05,C0093,P118,1,8735.51,0.1,East,Store,Card
ORD00436,2026-04-05,C0106,P110,6,1340.59,0.05,North,Store,Card
ORD00207,2026-04-06,C0097,P105,1,1351.31,0.2,West,Store,Card
ORD00767,2026-04-06,C0012,P108,7,99.27,0.0,West,Store,UPI
ORD00526,2026-04-07,C0050,P112,1,1749.71,0.05,East,Online,UPI
ORD00538,2026-04-07,C0006,P119,2,667.64,0.1,North,Store,UPI
ORD00761,2026-04-07,C0194,P103,2,151.34,0.0,West,Store,UPI
ORD00490,2026-04-07,C0032,P101,1,921.67,0.0,West,Store,UPI
ORD00918,2026-04-08,C0032,P101,5,1067.37,0.0,West,Store,Net Banking
ORD00078,2026-04-08,C0173,P113,4,2711.07,0.1,West,Store,UPI
ORD00852,2026-04-08,C0137,P117,5,34.58,0.2,West,Online,UPI
ORD00960,2026-04-08,C0008,P103,1,170.67,0.0,West,Online,Net Banking
ORD00153,2026-04-08,C0068,P109,6,366.34,0.0,South,Store,Net Banking
ORD00882,2026-04-08,C0108,P109,5,344.72,0.0,East,Store,UPI
ORD00256,2026-04-09,C0070,P109,2,345.4,0.05,West,Store,Net Banking
ORD00080,2026-04-09,C0120,P120,5,433.96,0.1,East,Store,Net Banking
ORD00819,2026-04-09,C0094,P101,6,829.53,0.0,North,Online,UPI
ORD00861,2026-04-10,C0072,P110,1,1229.69,0.1,North,Online,Net Banking
ORD00594,2026-04-10,C0093,P120,2,410.99,0.0,West,Online,Cash
ORD00407,2026-04-10,C0076,P105,6,1137.77,0.1,West,Store,UPI
ORD00426,2026-04-11,C0154,P120,3,421.46,0.1,East,Online,Card
ORD00963,2026-04-11,C0186,P118,6,8427.19,0.0,East,Online,UPI
ORD00617,2026-04-11,C0056,P120,3,376.22,0.05,South,Store,Net Banking
ORD00030,2026-04-11,C0098,P115,6,2752.24,0.05,South,Store,Card
ORD00327,2026-04-11,C0006,P115,7,2753.89,0.05,East,Store,Card
ORD00959,2026-04-12,C0116,P105,4,1341.26,0.15,West,Store,UPI
ORD00014,2026-04-12,C0176,P102,4,457.52,0.1,South,Store,Card
ORD00091,2026-04-12,C0143,P102,7,367.6,0.0,East,Store,UPI
ORD00842,2026-04-13,C0120,P102,2,458.36,0.0,North,Store,Card
ORD00731,2026-04-13,C0054,P101,7,848.72,0.1,West,Store,UPI
ORD00147,2026-04-13,C0160,P102,7,439.52,0.15,West,Online,UPI
ORD00690,2026-04-14,C0196,P107,2,83.1,0.05,South,Online,Cash
ORD00202,2026-04-14,C0006,P107,5,71.82,0.0,South,Store,Card
ORD00484,2026-04-14,C0100,P117,2,35.14,0.15,East,Online,Card
ORD00571,2026-04-14,C0130,P105,7,1120.84,0.1,West,Online,Card
ORD00948,2026-04-14,C0058,P114,5,261.13,0.0,North,Online,Cash
ORD00589,2026-04-14,C0010,P106,7,46.97,0.0,West,Online,Cash
ORD00583,2026-04-14,C0164,P116,4,464.44,0.1,North,Online,UPI
ORD00502,2026-04-14,C0131,P112,3,1768.33,0.05,South,Store,Net Banking
ORD00503,2026-04-14,C0156,P115,3,2457.13,0.05,South,Store,UPI
ORD00682,2026-04-15,C0026,P114,4,228.19,0.1,South,Online,Card
ORD00461,2026-04-15,C0007,P114,5,238.86,0.1,East,Store,UPI
ORD00079,2026-04-15,C0142,P114,7,240.1,0.1,East,Store,Net Banking
ORD00167,2026-04-16,C0170,P101,3,1024.43,0.15,South,Online,Cash
ORD00602,2026-04-16,C0008,P106,2,45.52,0.05,West,Online,Card
ORD00873,2026-04-16,C0167,P120,5,443.15,0.05,South,Online,Card
ORD00899,2026-04-17,C0002,P112,2,1739.46,0.0,West,Store,Card
ORD00246,2026-04-17,C0155,P120,1,387.46,0.15,South,Online,UPI
ORD00281,2026-04-17,C0014,P103,7,164.98,0.1,West,Online,Card
ORD00579,2026-04-17,C0005,P109,3,314.54,0.2,South,Online,UPI
ORD00955,2026-04-18,C0102,P110,3,1322.41,0.15,North,Online,UPI
ORD00821,2026-04-18,C0095,P112,7,2013.56,0.0,South,Store,Net Banking
ORD00659,2026-04-18,C0052,P103,3,178.8,0.0,West,Store,UPI
ORD00057,2026-04-19,C0160,P101,3,986.21,0.0,East,Online,UPI
ORD00934,2026-04-19,C0060,P116,4,490.48,0.0,South,Online,UPI
ORD00336,2026-04-19,C0015,P110,1,1226.25,0.05,North,Online,UPI
ORD00996,2026-04-19,C0084,P113,7,2674.26,0.05,South,Store,UPI
ORD00851,2026-04-19,C0021,P120,5,404.75,0.1,South,Store,UPI
ORD00270,2026-04-19,C0192,P102,1,368.32,0.05,North,Store,Cash
ORD00545,2026-04-19,C0131,P105,6,1118.14,0.05,South,Online,Card
ORD00312,2026-04-19,C0130,P104,4,933.87,0.1,West,Online,Card
ORD00737,2026-04-20,C0199,P102,5,395.96,0.05,North,Online,UPI
ORD00105,2026-04-20,C0063,P101,6,1017.28,0.1,North,Online,UPI
ORD00620,2026-04-20,C0134,P119,3,543.03,0.1,North,Store,UPI
ORD00516,2026-04-21,C0189,P108,6,117.47,0.0,North,Online,Card
ORD00278,2026-04-21,C0022,P111,4,736.02,0.05,West,Store,Card
ORD00588,2026-04-21,C0139,P104,3,1000.58,0.1,South,Online,Card
ORD00192,2026-04-21,C0093,P117,6,30.72,0.0,West,Online,UPI
ORD00316,2026-04-21,C0027,P114,1,242.7,0.05,West,Online,UPI
ORD00319,2026-04-21,C0126,P120,3,458.41,0.0,East,Store,Card
ORD00314,2026-04-21,C0084,P112,1,1917.51,0.05,East,Store,Card
ORD00920,2026-04-21,C0109,P120,6,459.47,0.0,South,Online,Cash
ORD00346,2026-04-22,C0027,P103,2,165.01,0.1,South,Online,Cash
ORD00137,2026-04-22,C0020,P118,5,8772.1,0.0,North,Online,Net Banking
ORD00791,2026-04-22,C0051,P114,5,237.78,0.05,South,Online,Card
ORD00322,2026-04-23,C0021,P119,5,613.63,0.15,South,Online,UPI
ORD00373,2026-04-23,C0017,P113,1,2393.41,0.05,South,Online,Net Banking
ORD00720,2026-04-23,C0102,P112,5,1733.99,0.15,South,Online,UPI
ORD00113,2026-04-23,C0052,P120,4,383.39,0.1,West,Store,Net Banking
ORD00255,2026-04-23,C0163,P112,2,1913.11,0.0,East,Store,Card
ORD00396,2026-04-23,C0011,P117,1,30.43,0.1,North,Store,Net Banking
ORD00912,2026-04-23,C0188,P102,6,454.04,0.0,West,Online,Card
ORD00676,2026-04-24,C0055,P117,6,34.63,0.1,West,Store,Net Banking
ORD00721,2026-04-24,C0019,P103,4,172.15,0.15,South,Store,Card
ORD00833,2026-04-24,C0184,P108,2,112.97,0.05,South,Online,UPI
ORD00834,2026-04-25,C0036,P114,2,233.47,0.0,South,Store,Card
ORD00904,2026-04-25,C0146,P115,1,2298.83,0.05,South,Online,Net Banking
ORD00287,2026-04-25,C0125,P115,4,2560.17,0.0,North,Store,Card
ORD00275,2026-04-25,C0138,P119,3,683.14,0.05,North,Online,Card
ORD00561,2026-04-25,C0037,P103,4,178.9,0.0,North,Online,UPI
ORD00716,2026-04-25,C0098,P109,4,310.84,0.1,North,Store,Card
ORD00629,2026-04-25,C0026,P115,2,2551.76,0.15,East,Store,UPI
ORD00191,2026-04-25,C0062,P103,3,152.47,0.0,East,Online,Card
ORD00049,2026-04-25,C0194,P102,4,435.95,0.15,North,Online,UPI
ORD00872,2026-04-27,C0060,P103,7,153.55,0.15,North,Online,UPI
ORD00640,2026-04-27,C0020,P106,2,51.27,0.0,South,Store,UPI
ORD00001,2026-04-27,C0016,P101,3,899.63,0.05,South,Online,UPI
ORD00444,2026-04-27,C0134,P120,4,398.21,0.15,East,Online,Card
ORD00018,2026-04-27,C0116,P103,4,150.71,0.05,West,Online,Cash
ORD00372,2026-04-28,C0199,P111,6,695.9,0.2,South,Store,UPI
ORD00984,2026-04-28,C0023,P113,6,2574.93,0.1,North,Online,Card
ORD00124,2026-04-28,C0107,P107,2,76.8,0.05,South,Store,UPI
ORD00390,2026-04-28,C0064,P120,6,375.78,0.1,North,Online,Net Banking
ORD00198,2026-04-28,C0098,P111,1,765.27,0.0,South,Online,Cash
ORD00003,2026-04-28,C0145,P112,1,1955.95,0.0,West,Online,UPI
ORD00061,2026-04-28,C0046,P114,7,273.89,0.2,South,Online,Cash
ORD00685,2026-04-28,C0113,P110,2,1379.73,0.05,South,Online,Card
ORD00539,2026-04-28,C0039,P111,7,596.97,0.15,West,Store,Card
ORD00059,2026-04-29,C0123,P114,6,218.11,0.05,North,Online,UPI
ORD00291,2026-04-29,C0033,P108,2,110.15,0.0,West,Online,Card
ORD00808,2026-04-29,C0144,P107,7,79.3,0.15,North,Online,UPI
ORD00598,2026-04-30,C0105,P109,3,378.36,0.1,East,Online,Card
ORD00826,2026-04-30,C0159,P113,5,2397.41,0.05,North,Online,Card
ORD00771,2026-04-30,C0044,P117,5,30.64,0.15,North,Online,UPI
ORD00445,2026-04-30,C0009,P118,1,8865.69,0.15,South,Online,Net Banking
ORD00339,2026-05-01,C0163,P104,1,983.67,0.1,North,Online,Cash
ORD00241,2026-05-01,C0012,P118,2,9988.22,0.0,West,Online,Net Banking
ORD00605,2026-05-02,C0057,P111,3,598.11,0.05,West,Online,UPI
ORD00894,2026-05-02,C0138,P104,5,993.17,0.2,North,Online,Card
ORD00869,2026-05-02,C0152,P119,7,678.34,0.15,West,Online,Card
ORD00020,2026-05-02,C0146,P104,3,978.22,0.0,West,Online,Card
ORD00214,2026-05-02,C0045,P108,6,102.82,0.1,South,Store,Cash
ORD00471,2026-05-03,C0041,P109,4,372.04,0.15,South,Online,UPI
ORD00126,2026-05-03,C0169,P105,7,1234.6,0.15,East,Online,Cash
ORD00536,2026-05-03,C0162,P119,6,684.16,0.1,South,Store,Card
ORD00699,2026-05-03,C0105,P108,1,110.45,0.1,North,Store,Cash
ORD00739,2026-05-04,C0149,P108,1,115.68,0.0,South,Store,UPI
ORD00792,2026-05-05,C0015,P117,4,33.31,0.15,South,Store,Net Banking
ORD00488,2026-05-05,C0053,P106,6,51.49,0.0,North,Online,Net Banking
ORD00405,2026-05-06,C0041,P114,1,272.12,0.05,South,Store,Card
ORD00186,2026-05-06,C0197,P108,3,111.15,0.0,North,Online,UPI
ORD00301,2026-05-06,C0004,P102,7,449.64,0.1,North,Online,Card
ORD00601,2026-05-07,C0020,P118,5,9120.75,0.0,South,Online,UPI
ORD00260,2026-05-07,C0063,P108,7,115.78,0.0,East,Online,UPI
ORD00858,2026-05-08,C0121,P107,3,77.83,0.1,North,Store,UPI
ORD00656,2026-05-08,C0128,P117,7,36.41,0.15,North,Online,UPI
ORD00830,2026-05-08,C0170,P113,3,2160.85,0.15,East,Online,UPI
ORD00944,2026-05-09,C0050,P103,2,164.52,0.05,South,Online,Card
ORD00727,2026-05-09,C0109,P120,5,451.87,0.05,West,Online,Card
ORD00081,2026-05-09,C0158,P118,3,9878.48,0.0,South,Store,UPI
ORD00799,2026-05-09,C0125,P110,4,1093.65,0.0,South,Online,Card
ORD00269,2026-05-10,C0068,P118,3,9207.72,0.15,East,Online,UPI
ORD00558,2026-05-10,C0078,P102,6,411.93,0.0,East,Store,UPI
ORD00422,2026-05-10,C0158,P106,1,44.77,0.1,West,Online,Card
ORD00419,2026-05-10,C0097,P103,7,146.76,0.0,East,Online,Card
ORD00649,2026-05-10,C0171,P115,4,2159.59,0.05,East,Online,Card
ORD00897,2026-05-10,C0185,P109,1,374.87,0.1,North,Store,Card
ORD00805,2026-05-10,C0156,P109,1,337.15,0.05,North,Online,UPI
ORD00732,2026-05-11,C0199,P109,2,331.22,0.1,West,Store,UPI
ORD00357,2026-05-11,C0050,P119,5,693.48,0.1,North,Store,Cash
ORD00953,2026-05-11,C0172,P106,2,44.15,0.0,West,Online,Cash
ORD00172,2026-05-12,C0139,P102,2,411.54,0.0,North,Store,Net Banking
ORD00726,2026-05-12,C0083,P116,2,446.93,0.0,North,Store,Cash
ORD00475,2026-05-12,C0012,P110,7,1377.14,0.1,South,Online,Cash
ORD00203,2026-05-12,C0147,P119,5,621.56,0.0,West,Online,UPI
ORD00201,2026-05-12,C0033,P119,5,604.66,0.1,East,Online,Net Banking
ORD00090,2026-05-13,C0073,P110,3,1364.19,0.05,South,Online,UPI
ORD00597,2026-05-13,C0094,P103,4,161.16,0.15,South,Online,Card
ORD00387,2026-05-13,C0072,P109,7,311.82,0.1,North,Online,Net Banking
ORD00170,2026-05-13,C0025,P108,1,105.32,0.1,West,Online,Card
ORD00132,2026-05-13,C0054,P105,1,1271.53,0.05,East,Online,UPI
ORD00227,2026-05-13,C0031,P118,5,7775.53,0.0,South,Online,Card
ORD00879,2026-05-14,C0069,P108,1,108.97,0.05,East,Online,Card
ORD00047,2026-05-14,C0108,P103,2,169.9,0.0,South,Online,Card
ORD00573,2026-05-14,C0145,P111,4,757.25,0.05,South,Store,Cash
ORD00508,2026-05-14,C0191,P119,7,598.37,0.1,North,Online,Card
ORD00412,2026-05-14,C0054,P105,4,1106.69,0.0,North,Online,Cash
ORD00371,2026-05-14,C0153,P115,6,2583.95,0.0,South,Store,Net Banking
ORD00650,2026-05-15,C0178,P103,5,183.23,0.1,South,Online,Card
ORD00510,2026-05-15,C0135,P107,3,75.06,0.0,North,Online,UPI
ORD00746,2026-05-15,C0172,P115,3,2351.14,0.15,North,Store,Cash
ORD00024,2026-05-16,C0014,P111,2,680.73,0.1,West,Online,Cash
ORD00551,2026-05-16,C0026,P114,6,238.66,0.15,South,Online,Net Banking
ORD00382,2026-05-16,C0130,P106,6,44.59,0.0,East,Store,Net Banking
ORD00606,2026-05-17,C0064,P102,5,390.26,0.15,South,Online,Net Banking
ORD00636,2026-05-17,C0069,P103,3,170.14,0.15,North,Store,UPI
ORD00447,2026-05-17,C0073,P104,4,770.07,0.1,South,Store,UPI
ORD00815,2026-05-17,C0077,P111,3,703.69,0.1,South,Online,UPI
ORD00356,2026-05-17,C0174,P114,7,218.71,0.0,West,Online,Card
ORD00887,2026-05-18,C0176,P113,5,2204.76,0.05,South,Store,Net Banking
ORD00173,2026-05-18,C0187,P108,2,97.73,0.15,West,Store,Card
ORD00309,2026-05-18,C0075,P113,4,2479.39,0.1,North,Online,UPI
ORD00417,2026-05-18,C0168,P107,1,76.48,0.1,West,Store,Card
ORD00406,2026-05-19,C0145,P119,4,566.08,0.0,South,Online,Card
ORD00809,2026-05-20,C0106,P109,2,375.39,0.1,South,Store,Net Banking
ORD00580,2026-05-20,C0193,P112,2,1814.23,0.1,South,Online,Net Banking
ORD00397,2026-05-20,C0045,P113,4,2330.21,0.1,North,Online,Cash
ORD00541,2026-05-21,C0115,P110,2,1242.59,0.1,East,Online,UPI
ORD00695,2026-05-21,C0142,P120,7,369.51,0.15,North,Store,UPI
ORD00044,2026-05-21,C0161,P114,1,245.95,0.1,East,Store,UPI
ORD00582,2026-05-21,C0184,P114,1,272.47,0.05,South,Store,UPI
ORD00143,2026-05-22,C0082,P117,4,36.43,0.0,East,Online,Cash
ORD00779,2026-05-22,C0123,P117,5,29.69,0.0,West,Online,UPI
ORD00401,2026-05-22,C0136,P119,1,607.61,0.2,East,Online,Net Banking
ORD00493,2026-05-23,C0082,P102,4,434.88,0.0,East,Online,UPI
ORD00431,2026-05-23,C0103,P103,7,157.91,0.0,South,Online,Card
ORD00631,2026-05-23,C0001,P101,5,986.96,0.1,East,Online,Card
ORD00992,2026-05-23,C0065,P104,1,959.73,0.1,West,Store,Net Banking
ORD00199,2026-05-24,C0040,P120,1,400.99,0.0,North,Online,UPI
ORD00774,2026-05-24,C0176,P108,6,97.81,0.05,West,Online,Card
ORD00710,2026-05-24,C0176,P104,4,912.2,0.15,East,Store,UPI
ORD00005,2026-05-24,C0026,P120,4,446.81,0.05,West,Online,UPI
ORD00136,2026-05-25,C0099,P113,5,2696.59,0.15,South,Online,Card
ORD00304,2026-05-25,C0039,P114,5,235.86,0.15,South,Store,UPI
ORD00496,2026-05-25,C0150,P110,1,1256.93,0.2,East,Store,UPI
ORD00889,2026-05-25,C0143,P105,1,1198.85,0.15,South,Online,Card
ORD00101,2026-05-25,C0124,P119,7,607.73,0.15,North,Online,Cash
ORD00175,2026-05-25,C0038,P117,6,31.2,0.15,South,Online,Net Banking
ORD00036,2026-05-25,C0108,P103,5,143.12,0.0,North,Online,Card
ORD00313,2026-05-26,C0175,P110,7,1224.94,0.0,West,Online,Cash
ORD00063,2026-05-26,C0190,P114,3,220.87,0.15,West,Online,Card
ORD00857,2026-05-26,C0122,P109,1,331.45,0.1,East,Store,UPI
ORD00480,2026-05-26,C0045,P111,1,744.83,0.05,North,Online,UPI
ORD00216,2026-05-27,C0181,P109,2,356.84,0.1,South,Store,UPI
ORD00790,2026-05-27,C0036,P117,5,32.78,0.05,South,Store,Card
ORD00793,2026-05-27,C0068,P108,3,115.94,0.05,South,Store,Net Banking
ORD00568,2026-05-28,C0111,P101,5,1084.33,0.05,South,Store,Net Banking
ORD00802,2026-05-28,C0052,P109,7,314.07,0.15,East,Store,Card
ORD00684,2026-05-28,C0047,P103,3,144.81,0.2,South,Store,Net Banking
ORD00928,2026-05-28,C0123,P117,3,30.89,0.0,North,Store,Card
ORD00980,2026-05-29,C0136,P119,6,670.76,0.0,North,Store,UPI
ORD00907,2026-05-29,C0118,P111,4,698.27,0.0,East,Online,Cash
ORD00632,2026-05-29,C0119,P120,4,440.34,0.0,South,Store,UPI
ORD00224,2026-05-29,C0133,P114,4,233.76,0.05,North,Store,Card
ORD00618,2026-05-29,C0156,P102,7,389.47,0.1,West,Store,Card
ORD00082,2026-05-29,C0068,P106,7,46.58,0.1,North,Online,Net Banking
ORD00673,2026-05-30,C0175,P119,7,590.16,0.15,East,Online,UPI
ORD00922,2026-05-30,C0097,P110,1,1262.8,0.2,South,Store,Card
ORD00455,2026-05-30,C0092,P120,3,429.33,0.1,East,Store,Card
ORD00342,2026-05-30,C0024,P117,5,30.42,0.05,North,Online,Net Banking
ORD00614,2026-05-31,C0049,P116,7,434.33,0.1,East,Online,UPI
ORD00193,2026-05-31,C0115,P105,5,1162.66,0.0,West,Online,UPI
ORD00279,2026-05-31,C0120,P105,4,1072.39,0.05,West,Store,Cash
ORD00788,2026-05-31,C0143,P113,7,2727.36,0.15,West,Store,Net Banking
ORD00416,2026-05-31,C0161,P107,6,83.17,0.15,North,Online,Net Banking
ORD00139,2026-05-31,C0061,P113,4,2285.02,0.05,North,Store,UPI
ORD00354,2026-06-01,C0079,P119,4,645.46,0.0,West,Store,Card
ORD00362,2026-06-01,C0172,P119,4,665.91,0.15,East,Store,Cash
ORD00432,2026-06-01,C0090,P114,6,273.26,0.1,West,Online,Net Banking
ORD00016,2026-06-01,C0059,P101,1,1014.95,0.05,South,Online,UPI
ORD00662,2026-06-01,C0124,P118,5,8287.27,0.1,South,Store,Card
ORD00921,2026-06-01,C0036,P119,1,541.53,0.15,North,Online,Card
ORD00052,2026-06-02,C0034,P114,7,241.22,0.0,East,Store,UPI
ORD00495,2026-06-02,C0146,P102,2,422.01,0.0,South,Online,Net Banking
ORD00867,2026-06-02,C0068,P114,6,245.06,0.15,South,Online,UPI
ORD00848,2026-06-03,C0119,P119,7,638.76,0.1,South,Online,Cash
ORD00674,2026-06-03,C0034,P114,3,215.67,0.15,South,Store,Card
ORD00271,2026-06-03,C0017,P115,1,2410.59,0.2,West,Online,Card
ORD00938,2026-06-03,C0172,P101,1,934.87,0.1,West,Store,Card
ORD00641,2026-06-03,C0181,P109,7,346.93,0.0,West,Online,Cash
ORD00121,2026-06-03,C0117,P103,3,146.22,0.0,North,Online,Card
ORD00994,2026-06-03,C0030,P101,4,885.59,0.1,West,Online,Card
ORD00890,2026-06-03,C0163,P117,7,35.49,0.15,West,Online,Net Banking
ORD00473,2026-06-03,C0106,P118,7,7982.13,0.0,North,Online,UPI
ORD00389,2026-06-03,C0018,P105,2,1299.8,0.0,North,Online,Card
ORD00559,2026-06-04,C0002,P107,6,72.45,0.0,East,Store,Cash
ORD00237,2026-06-04,C0082,P110,4,1190.62,0.1,North,Online,UPI
ORD00209,2026-06-04,C0059,P110,6,1206.54,0.1,South,Online,Net Banking
ORD00528,2026-06-04,C0179,P110,5,1238.02,0.0,West,Online,Cash
ORD00034,2026-06-04,C0168,P118,7,7985.09,0.1,West,Store,UPI
ORD00521,2026-06-04,C0108,P108,7,106.5,0.0,North,Online,Card
ORD00017,2026-06-05,C0082,P111,5,593.76,0.05,East,Online,Card
ORD00675,2026-06-05,C0193,P120,2,357.45,0.15,South,Online,Cash
ORD00517,2026-06-06,C0024,P115,6,2292.22,0.05,East,Online,Card
ORD00043,2026-06-06,C0141,P120,6,362.26,0.05,East,Online,Card
ORD00523,2026-06-06,C0020,P102,6,405.6,0.1,West,Online,UPI
ORD00550,2026-06-06,C0099,P116,2,500.0,0.05,West,Online,Net Banking
ORD00553,2026-06-06,C0100,P118,6,7958.98,0.15,West,Store,UPI
ORD00729,2026-06-06,C0129,P103,6,150.32,0.15,West,Online,UPI
ORD00704,2026-06-07,C0198,P114,1,218.23,0.0,South,Store,UPI
ORD00825,2026-06-07,C0141,P108,6,106.87,0.0,North,Store,UPI
ORD00542,2026-06-08,C0186,P108,5,98.78,0.15,North,Store,UPI
ORD00211,2026-06-09,C0169,P115,1,2727.12,0.05,South,Online,UPI
ORD00038,2026-06-10,C0015,P114,4,222.71,0.05,East,Store,UPI
ORD00787,2026-06-10,C0124,P117,7,38.2,0.15,West,Online,Net Banking
ORD00077,2026-06-10,C0003,P112,7,1778.78,0.0,North,Online,UPI
ORD00411,2026-06-10,C0080,P110,1,1087.02,0.1,West,Online,UPI
ORD00668,2026-06-10,C0157,P106,5,45.75,0.15,North,Store,Cash
ORD00738,2026-06-11,C0143,P101,5,852.66,0.0,East,Online,Net Banking
ORD00448,2026-06-11,C0103,P118,3,9766.08,0.05,East,Store,Card
ORD00122,2026-06-11,C0110,P107,3,92.16,0.1,East,Store,UPI
ORD00765,2026-06-11,C0154,P109,1,295.07,0.1,South,Store,UPI
ORD00653,2026-06-11,C0038,P114,4,244.53,0.0,South,Online,UPI
ORD00434,2026-06-12,C0122,P116,2,461.36,0.0,East,Online,Cash
ORD00522,2026-06-13,C0126,P117,1,35.62,0.1,North,Store,Card
ORD00562,2026-06-13,C0069,P113,5,2606.79,0.1,South,Online,UPI
ORD00621,2026-06-13,C0108,P115,4,2222.2,0.05,East,Store,Net Banking
ORD00022,2026-06-13,C0103,P106,3,53.34,0.05,West,Online,Card
ORD00911,2026-06-13,C0024,P107,1,85.03,0.15,South,Online,Net Banking
ORD00097,2026-06-14,C0187,P109,7,320.73,0.0,West,Online,UPI
ORD00468,2026-06-14,C0127,P119,5,566.44,0.0,South,Online,UPI
ORD00866,2026-06-14,C0037,P110,3,1297.12,0.0,North,Store,Cash
ORD00776,2026-06-14,C0070,P110,6,1301.58,0.05,North,Online,Cash
ORD00162,2026-06-15,C0029,P109,5,341.71,0.2,South,Store,Cash
ORD00813,2026-06-15,C0002,P114,5,243.35,0.05,North,Online,UPI
ORD00723,2026-06-15,C0082,P114,7,240.73,0.1,South,Store,UPI
ORD00148,2026-06-15,C0013,P120,1,377.37,0.15,South,Online,UPI
ORD00489,2026-06-15,C0183,P102,1,360.26,0.0,North,Store,UPI
ORD00863,2026-06-15,C0049,P119,2,604.52,0.05,South,Online,UPI
ORD00321,2026-06-17,C0092,P116,4,418.46,0.05,East,Store,Card
ORD00711,2026-06-17,C0013,P104,5,806.43,0.15,North,Online,UPI
ORD00421,2026-06-17,C0033,P104,7,872.13,0.1,East,Online,Net Banking
ORD00881,2026-06-17,C0049,P117,1,33.32,0.05,East,Store,Net Banking
ORD00630,2026-06-17,C0029,P103,4,143.3,0.1,South,Online,Card
ORD00326,2026-06-18,C0084,P104,6,1003.88,0.1,North,Online,Card
ORD00642,2026-06-18,C0043,P120,3,451.99,0.1,East,Store,UPI
ORD00221,2026-06-19,C0166,P117,2,37.96,0.0,North,Store,UPI
ORD00657,2026-06-20,C0126,P107,3,77.72,0.05,North,Store,UPI
ORD00947,2026-06-20,C0125,P104,1,949.17,0.1,North,Online,Cash
ORD00591,2026-06-20,C0118,P103,6,166.72,0.0,West,Store,Card
ORD00818,2026-06-21,C0089,P113,1,2202.9,0.1,West,Online,Card
ORD00956,2026-06-21,C0035,P105,3,1323.06,0.0,East,Online,Card
ORD00418,2026-06-21,C0160,P118,4,9235.24,0.1,South,Online,UPI
ORD00888,2026-06-22,C0037,P115,3,2199.77,0.1,West,Online,Card
ORD00557,2026-06-22,C0014,P112,3,2030.49,0.1,North,Online,UPI
ORD00108,2026-06-22,C0011,P107,6,85.65,0.1,East,Store,Card
ORD00707,2026-06-22,C0161,P109,5,314.3,0.1,South,Online,UPI
ORD00385,2026-06-22,C0139,P111,5,690.53,0.1,South,Online,Card
ORD00633,2026-06-24,C0035,P116,4,477.8,0.0,West,Online,Cash
ORD00717,2026-06-24,C0125,P116,2,509.04,0.05,North,Store,UPI
ORD00782,2026-06-25,C0151,P114,6,219.29,0.0,North,Store,UPI
ORD00233,2026-06-26,C0181,P113,5,2124.27,0.0,South,Online,Net Banking
ORD00683,2026-06-26,C0136,P119,5,605.47,0.1,West,Store,Cash
ORD00075,2026-06-26,C0065,P104,7,783.11,0.05,East,Online,UPI
ORD00669,2026-06-26,C0096,P114,6,230.87,0.05,West,Online,UPI
ORD00066,2026-06-26,C0016,P103,2,178.7,0.2,North,Store,UPI
ORD00442,2026-06-27,C0195,P104,2,976.43,0.1,North,Online,Card
ORD00027,2026-06-27,C0108,P120,5,381.41,0.0,North,Online,Card
ORD00212,2026-06-27,C0013,P116,7,428.51,0.1,West,Online,Card
ORD00413,2026-06-27,C0086,P104,2,922.06,0.2,South,Store,UPI
ORD00745,2026-06-27,C0035,P114,1,214.11,0.15,West,Online,UPI
ORD00957,2026-06-28,C0098,P105,2,1212.94,0.05,East,Store,Card
ORD00504,2026-06-28,C0035,P108,5,119.28,0.0,East,Online,UPI
ORD00698,2026-06-28,C0069,P104,3,991.55,0.0,East,Online,Net Banking
ORD00506,2026-06-28,C0093,P110,4,1324.75,0.05,South,Online,Card
ORD00660,2026-06-28,C0080,P113,1,2172.19,0.15,South,Online,Cash
ORD00724,2026-06-28,C0141,P118,7,8264.53,0.05,West,Store,UPI
ORD00158,2026-06-28,C0105,P113,3,2458.29,0.15,East,Store,UPI
ORD00376,2026-06-28,C0009,P106,4,49.97,0.15,West,Store,UPI
ORD00511,2026-06-28,C0076,P120,3,360.8,0.15,South,Store,Cash
ORD00146,2026-06-28,C0003,P104,7,1005.5,0.1,East,Store,Card
ORD00487,2026-06-28,C0119,P114,4,228.33,0.05,West,Store,Cash
ORD00384,2026-06-28,C0072,P114,2,244.72,0.1,South,Online,UPI
ORD00547,2026-06-29,C0040,P109,6,361.08,0.05,North,Store,UPI
ORD00329,2026-06-29,C0185,P120,1,451.17,0.1,North,Online,Card
ORD00638,2026-06-29,C0179,P115,2,2704.06,0.0,East,Online,UPI
ORD00257,2026-06-29,C0158,P115,6,2312.82,0.15,East,Online,Card
ORD00665,2026-06-29,C0085,P106,3,50.08,0.0,West,Online,Cash
ORD00341,2026-06-30,C0025,P120,2,424.29,0.1,South,Online,UPI
ORD00093,2026-06-30,C0121,P118,3,9785.11,0.05,West,Online,Net Banking
ORD00902,2026-06-30,C0007,P103,4,168.09,0.1,West,Online,Card
ORD00661,2026-07-01,C0178,P115,1,2710.82,0.1,South,Online,UPI
ORD00123,2026-07-01,C0074,P114,2,271.69,0.05,South,Store,UPI
ORD00622,2026-07-01,C0189,P118,2,7846.16,0.15,South,Online,UPI
ORD00627,2026-07-01,C0037,P112,1,1998.74,0.1,East,Store,UPI
ORD00777,2026-07-01,C0046,P101,1,1047.33,0.05,West,Store,Card
ORD00529,2026-07-02,C0096,P120,4,443.98,0.05,West,Store,Net Banking
ORD00194,2026-07-02,C0186,P120,7,453.35,0.0,East,Online,UPI
ORD00700,2026-07-03,C0090,P117,1,34.38,0.0,North,Store,Card
ORD00334,2026-07-03,C0124,P108,3,108.61,0.15,North,Online,Card
ORD00174,2026-07-03,C0124,P108,4,122.05,0.1,North,Store,UPI
ORD00548,2026-07-03,C0021,P115,6,2734.48,0.1,West,Store,UPI
ORD00204,2026-07-03,C0080,P119,3,587.37,0.05,North,Online,UPI
ORD00378,2026-07-04,C0176,P120,3,373.5,0.0,South,Online,Card
ORD00525,2026-07-04,C0152,P108,2,107.71,0.1,East,Store,Card
ORD00007,2026-07-04,C0135,P114,6,242.28,0.2,West,Store,Net Banking
ORD00296,2026-07-04,C0179,P101,4,881.57,0.15,North,Online,Net Banking
ORD00849,2026-07-05,C0150,P115,1,2153.82,0.0,West,Online,UPI
ORD00025,2026-07-05,C0159,P115,3,2203.75,0.2,North,Store,Card
ORD00658,2026-07-06,C0045,P109,2,323.33,0.0,East,Online,Card
ORD00333,2026-07-06,C0058,P106,6,52.3,0.05,East,Store,Card
ORD00965,2026-07-06,C0197,P117,3,32.03,0.05,West,Store,Card
ORD00913,2026-07-06,C0046,P105,2,1116.59,0.05,South,Store,UPI
ORD00273,2026-07-06,C0150,P118,3,9805.04,0.05,East,Store,Cash
ORD00754,2026-07-06,C0174,P120,7,458.87,0.15,South,Online,Cash
ORD00796,2026-07-07,C0019,P101,7,1070.52,0.05,East,Store,UPI
ORD00440,2026-07-07,C0104,P109,1,370.66,0.0,West,Store,Card
ORD00967,2026-07-08,C0031,P115,3,2427.25,0.05,South,Store,Net Banking
ORD00689,2026-07-08,C0046,P113,1,2780.36,0.05,West,Online,UPI
ORD00584,2026-07-09,C0045,P101,3,889.53,0.05,South,Online,UPI
ORD00933,2026-07-09,C0049,P102,3,406.0,0.1,East,Store,Card
ORD00350,2026-07-09,C0145,P104,3,870.65,0.05,North,Online,Card
ORD00893,2026-07-09,C0011,P118,7,7861.41,0.05,West,Store,Card
ORD00111,2026-07-09,C0153,P105,6,1106.15,0.15,North,Online,UPI
ORD00159,2026-07-10,C0184,P117,6,35.1,0.1,East,Online,UPI
ORD00035,2026-07-10,C0183,P113,4,2524.24,0.05,North,Online,Cash
ORD00514,2026-07-11,C0159,P120,7,372.52,0.15,South,Store,Card
ORD00289,2026-07-11,C0029,P110,5,1377.99,0.1,South,Online,UPI
ORD00149,2026-07-11,C0120,P116,2,477.94,0.1,South,Store,UPI
ORD00033,2026-07-11,C0171,P106,3,51.38,0.1,South,Online,Card
ORD00129,2026-07-12,C0006,P115,3,2510.93,0.05,East,Online,Cash
ORD00900,2026-07-12,C0064,P102,7,445.22,0.15,South,Online,UPI
ORD00112,2026-07-12,C0199,P107,5,88.0,0.1,North,Online,UPI
ORD00718,2026-07-13,C0102,P117,3,32.3,0.05,South,Store,Net Banking
ORD00499,2026-07-13,C0056,P116,2,446.6,0.05,North,Online,Cash
ORD00379,2026-07-13,C0188,P116,5,490.33,0.0,East,Online,Net Banking
ORD00939,2026-07-13,C0027,P104,4,982.27,0.05,South,Store,Card
ORD00839,2026-07-13,C0054,P120,1,354.94,0.0,West,Online,Net Banking
ORD00184,2026-07-13,C0176,P108,2,98.76,0.0,East,Online,Cash
ORD00053,2026-07-13,C0158,P120,7,407.74,0.1,East,Online,UPI
ORD00208,2026-07-14,C0059,P108,1,113.99,0.1,East,Online,Net Banking
ORD00206,2026-07-14,C0092,P105,3,1266.19,0.0,North,Store,Card
ORD00806,2026-07-14,C0035,P117,5,35.1,0.15,South,Store,UPI
ORD00531,2026-07-15,C0164,P106,1,49.9,0.15,South,Store,UPI
ORD00775,2026-07-15,C0087,P119,5,548.81,0.2,East,Online,Cash
ORD00050,2026-07-16,C0055,P103,4,156.5,0.1,East,Online,Card
ORD00088,2026-07-16,C0193,P119,1,646.31,0.0,North,Store,UPI
ORD00801,2026-07-16,C0117,P109,3,333.25,0.15,East,Online,UPI
ORD00986,2026-07-17,C0115,P117,3,33.88,0.15,North,Online,UPI
ORD00337,2026-07-17,C0162,P106,4,48.8,0.05,South,Online,UPI
ORD00507,2026-07-17,C0182,P103,7,157.18,0.05,East,Store,Net Banking
ORD00344,2026-07-17,C0018,P104,4,796.09,0.15,South,Online,UPI
ORD00666,2026-07-17,C0129,P102,4,400.0,0.2,South,Online,Card
ORD00664,2026-07-18,C0008,P101,1,1068.42,0.05,South,Store,Card
ORD00886,2026-07-18,C0150,P101,4,1002.27,0.1,South,Store,UPI
ORD00679,2026-07-18,C0158,P106,5,52.19,0.2,East,Store,Net Banking
ORD00987,2026-07-19,C0104,P114,2,253.54,0.15,South,Online,UPI
ORD00574,2026-07-19,C0123,P105,6,1168.62,0.0,West,Online,Card
ORD00512,2026-07-19,C0049,P104,1,909.12,0.0,North,Store,Net Banking
ORD00013,2026-07-19,C0115,P109,5,308.93,0.05,East,Store,UPI
ORD00634,2026-07-20,C0198,P102,2,393.68,0.1,West,Online,Net Banking
ORD00937,2026-07-20,C0005,P106,2,41.72,0.0,East,Online,UPI
ORD00037,2026-07-20,C0039,P110,1,1227.69,0.2,West,Online,UPI
ORD00941,2026-07-20,C0149,P113,4,2548.27,0.1,West,Online,Card
ORD00104,2026-07-20,C0184,P116,5,475.99,0.0,East,Store,UPI
ORD00843,2026-07-20,C0173,P104,6,981.54,0.15,North,Store,UPI
ORD00294,2026-07-21,C0079,P105,5,1084.65,0.1,West,Online,UPI
ORD00098,2026-07-21,C0037,P103,6,156.01,0.2,South,Online,UPI
ORD00099,2026-07-21,C0061,P109,5,382.42,0.15,North,Store,UPI
ORD00637,2026-07-21,C0161,P108,5,114.91,0.0,West,Store,Cash
ORD00824,2026-07-21,C0039,P108,7,109.07,0.1,East,Online,UPI
ORD00735,2026-07-21,C0065,P103,2,169.34,0.05,West,Store,Net Banking
ORD00446,2026-07-22,C0006,P111,6,713.47,0.2,South,Online,Card
ORD00430,2026-07-22,C0166,P107,3,81.44,0.05,South,Store,UPI
ORD00381,2026-07-22,C0117,P115,1,2421.49,0.0,North,Online,UPI
ORD00197,2026-07-22,C0040,P104,1,793.46,0.05,East,Store,Net Banking
ORD00008,2026-07-22,C0014,P104,1,896.31,0.0,East,Store,UPI
ORD00190,2026-07-22,C0045,P119,7,688.52,0.1,South,Online,Cash
ORD00015,2026-07-23,C0072,P109,5,330.43,0.1,South,Online,Cash
ORD00592,2026-07-23,C0014,P101,6,866.72,0.0,North,Store,Card
ORD00185,2026-07-24,C0028,P113,7,2531.36,0.0,West,Online,Cash
ORD00109,2026-07-24,C0062,P108,2,98.14,0.0,East,Store,Cash
ORD00040,2026-07-24,C0004,P103,6,157.81,0.1,South,Online,Net Banking
ORD00076,2026-07-24,C0177,P113,7,2142.78,0.1,West,Online,Card
ORD00500,2026-07-25,C0105,P119,3,545.09,0.05,South,Online,Card
ORD00609,2026-07-25,C0121,P112,7,1664.37,0.0,West,Online,Card
ORD00140,2026-07-26,C0123,P104,1,883.16,0.1,North,Online,UPI
ORD00258,2026-07-26,C0199,P118,6,9950.96,0.15,South,Online,Net Banking
ORD00985,2026-07-27,C0092,P119,5,659.58,0.05,North,Store,Net Banking
ORD00087,2026-07-28,C0176,P105,1,1083.92,0.0,South,Online,Net Banking
ORD00832,2026-07-28,C0042,P105,7,1065.06,0.05,North,Online,Net Banking
ORD00835,2026-07-28,C0084,P113,3,2772.11,0.05,East,Online,UPI
ORD00651,2026-07-29,C0151,P114,5,247.69,0.0,South,Online,UPI
ORD00783,2026-07-29,C0107,P103,6,160.76,0.1,South,Online,Cash
ORD00989,2026-07-29,C0005,P112,7,2115.14,0.0,West,Online,Cash
ORD00585,2026-07-29,C0151,P113,5,2422.64,0.0,South,Store,Cash
ORD00219,2026-07-29,C0191,P118,4,9623.85,0.1,West,Online,UPI
ORD00736,2026-07-30,C0076,P117,4,32.11,0.1,West,Online,Net Banking
ORD00701,2026-07-30,C0190,P109,5,308.05,0.2,North,Online,UPI
ORD00929,2026-07-30,C0070,P117,6,29.86,0.0,East,Store,Net Banking
ORD00039,2026-07-31,C0120,P106,1,43.67,0.1,West,Online,UPI
ORD00366,2026-07-31,C0122,P117,6,31.0,0.15,South,Online,Card
ORD00393,2026-07-31,C0095,P103,6,160.06,0.0,East,Online,UPI
ORD00306,2026-07-31,C0119,P102,5,359.53,0.15,East,Online,UPI
ORD00778,2026-08-01,C0108,P113,1,2295.13,0.0,South,Store,UPI
ORD00467,2026-08-01,C0154,P117,1,37.37,0.15,North,Store,UPI
ORD00891,2026-08-01,C0199,P106,1,50.52,0.05,East,Store,UPI
ORD00677,2026-08-01,C0119,P108,1,116.96,0.05,North,Online,Card
ORD00875,2026-08-01,C0146,P102,1,464.12,0.05,North,Store,UPI
ORD00317,2026-08-02,C0195,P114,5,243.75,0.0,East,Online,Net Banking
ORD00262,2026-08-02,C0060,P108,1,97.54,0.05,East,Online,Net Banking
ORD00242,2026-08-02,C0039,P109,2,354.35,0.1,North,Online,UPI
ORD00612,2026-08-02,C0175,P103,6,161.06,0.05,West,Online,Card
ORD00697,2026-08-03,C0048,P106,3,46.8,0.0,West,Online,UPI
ORD00266,2026-08-03,C0196,P111,1,619.33,0.1,North,Online,UPI
ORD00753,2026-08-03,C0194,P106,3,41.47,0.15,South,Online,UPI
ORD00006,2026-08-03,C0086,P102,2,383.41,0.05,West,Online,Card
ORD00623,2026-08-03,C0148,P111,6,740.28,0.0,West,Online,UPI
ORD00982,2026-08-03,C0144,P110,1,1274.02,0.1,East,Store,UPI
ORD00853,2026-08-03,C0026,P101,6,1055.94,0.0,North,Store,Card
ORD00807,2026-08-03,C0136,P119,5,646.2,0.0,South,Online,Card
ORD00829,2026-08-03,C0056,P101,1,876.94,0.15,West,Online,Card
ORD00546,2026-08-04,C0018,P108,6,111.59,0.0,South,Store,Net Banking
ORD00179,2026-08-04,C0090,P119,2,663.31,0.1,North,Online,UPI
ORD00164,2026-08-04,C0195,P101,5,1036.5,0.05,East,Online,Card
ORD00752,2026-08-04,C0074,P119,1,677.39,0.0,East,Online,Card
ORD00976,2026-08-04,C0012,P117,5,36.5,0.05,West,Online,Card
ORD00268,2026-08-04,C0096,P113,4,2366.5,0.05,South,Online,Cash
ORD00071,2026-08-05,C0153,P108,3,100.36,0.1,South,Online,Cash
ORD00290,2026-08-05,C0139,P116,1,444.86,0.1,East,Online,Card
ORD00945,2026-08-05,C0067,P111,6,618.44,0.15,South,Store,Card
ORD00586,2026-08-05,C0047,P113,1,2337.48,0.1,West,Store,UPI
ORD00581,2026-08-06,C0168,P111,6,623.09,0.0,North,Store,Cash
ORD00300,2026-08-06,C0029,P110,2,1133.68,0.1,South,Online,UPI
ORD00264,2026-08-06,C0037,P107,5,74.37,0.2,South,Store,Net Banking
ORD00235,2026-08-06,C0039,P102,7,362.8,0.0,South,Online,Card
ORD00880,2026-08-07,C0175,P102,5,451.75,0.0,West,Online,Card
ORD00652,2026-08-07,C0172,P120,2,422.25,0.1,West,Store,Net Banking
ORD00743,2026-08-08,C0161,P112,4,1820.06,0.1,West,Store,UPI
ORD00029,2026-08-08,C0045,P112,4,2123.81,0.2,West,Online,Cash
ORD00719,2026-08-08,C0132,P116,3,498.78,0.15,West,Store,Card
ORD00687,2026-08-08,C0072,P109,1,380.31,0.0,West,Online,Card
ORD00086,2026-08-08,C0153,P119,1,664.93,0.1,West,Online,Card
ORD00892,2026-08-08,C0160,P111,4,623.01,0.1,East,Online,UPI
ORD00041,2026-08-08,C0093,P116,2,469.0,0.1,East,Store,UPI
ORD00367,2026-08-08,C0131,P101,4,1057.81,0.15,North,Online,UPI
ORD00708,2026-08-09,C0169,P114,1,256.71,0.1,South,Online,UPI
ORD00134,2026-08-10,C0177,P113,1,2597.61,0.0,East,Online,UPI
ORD00696,2026-08-10,C0053,P114,2,218.8,0.0,West,Online,UPI
ORD00958,2026-08-10,C0030,P110,4,1325.8,0.05,East,Store,UPI
ORD00722,2026-08-10,C0198,P111,7,613.71,0.05,East,Online,UPI
ORD00519,2026-08-10,C0037,P114,1,259.28,0.1,West,Online,Card
ORD00814,2026-08-10,C0177,P119,1,667.65,0.0,North,Store,Net Banking
ORD00133,2026-08-10,C0047,P101,5,1007.12,0.1,South,Online,UPI
ORD00363,2026-08-11,C0181,P116,2,482.49,0.05,North,Online,Card
ORD00979,2026-08-11,C0140,P113,1,2150.45,0.0,South,Online,UPI
ORD00780,2026-08-11,C0171,P103,1,151.51,0.1,North,Online,Cash
ORD00694,2026-08-12,C0031,P115,4,2725.43,0.05,North,Online,Card
ORD00064,2026-08-12,C0062,P120,1,393.6,0.0,South,Online,UPI
ORD00831,2026-08-12,C0189,P107,7,75.2,0.1,West,Online,Net Banking
ORD00011,2026-08-12,C0007,P113,5,2386.94,0.2,South,Online,UPI
ORD00497,2026-08-13,C0037,P102,2,414.79,0.1,West,Online,Cash
ORD00163,2026-08-13,C0137,P109,2,311.32,0.05,East,Store,Net Banking
ORD00494,2026-08-13,C0198,P116,7,458.95,0.0,West,Online,UPI
ORD00740,2026-08-13,C0147,P113,3,2459.59,0.1,North,Store,UPI
ORD00587,2026-08-13,C0031,P102,2,436.63,0.15,West,Online,UPI
ORD00394,2026-08-13,C0166,P113,2,2436.47,0.15,South,Online,Card
ORD00160,2026-08-14,C0067,P109,4,346.79,0.05,West,Online,Card
ORD00936,2026-08-14,C0188,P112,3,1794.4,0.05,West,Store,Cash
ORD00150,2026-08-14,C0125,P118,6,8231.87,0.0,South,Online,Card
ORD00332,2026-08-14,C0001,P105,2,1242.02,0.1,West,Online,UPI
ORD00816,2026-08-14,C0132,P113,3,2678.22,0.2,West,Online,Card
ORD00286,2026-08-15,C0180,P105,6,1075.08,0.05,East,Online,Cash
ORD00916,2026-08-15,C0102,P105,4,1270.11,0.1,East,Online,UPI
ORD00450,2026-08-15,C0041,P107,4,78.41,0.0,North,Store,Card
ORD00930,2026-08-15,C0169,P106,5,52.68,0.1,East,Online,Card
ORD00032,2026-08-16,C0037,P110,6,1287.47,0.1,West,Online,Card
ORD00544,2026-08-16,C0012,P104,5,769.01,0.15,West,Store,UPI
ORD00315,2026-08-16,C0022,P117,6,31.98,0.1,South,Online,UPI
ORD00141,2026-08-17,C0163,P117,7,37.7,0.05,West,Online,Card
ORD00758,2026-08-17,C0026,P104,4,772.87,0.0,South,Store,Net Banking
ORD00983,2026-08-17,C0030,P102,3,378.56,0.0,East,Online,UPI
ORD00360,2026-08-17,C0093,P106,1,49.72,0.05,North,Online,UPI
ORD00338,2026-08-17,C0189,P114,7,224.99,0.0,North,Store,Card
ORD00954,2026-08-17,C0002,P115,7,2416.16,0.15,East,Online,Cash
ORD00527,2026-08-17,C0177,P101,2,957.55,0.05,East,Store,UPI
ORD00292,2026-08-17,C0134,P101,7,950.93,0.1,East,Online,Card
ORD00095,2026-08-17,C0196,P109,5,339.58,0.1,East,Online,Cash
ORD00462,2026-08-17,C0084,P105,6,1174.17,0.15,East,Online,Card
ORD00375,2026-08-18,C0084,P117,5,31.51,0.15,East,Store,Net Banking
ORD00868,2026-08-18,C0050,P118,1,8289.76,0.1,North,Store,UPI
ORD00298,2026-08-19,C0026,P108,1,100.0,0.0,North,Online,Card
ORD00520,2026-08-19,C0004,P109,7,382.47,0.15,West,Online,UPI
ORD00915,2026-08-20,C0068,P104,7,800.88,0.0,West,Online,Cash
ORD00114,2026-08-20,C0004,P120,2,457.63,0.05,West,Online,Cash
ORD00995,2026-08-21,C0149,P103,6,159.63,0.15,East,Online,Card
ORD00311,2026-08-21,C0032,P120,1,397.99,0.1,North,Store,Card
ORD00228,2026-08-21,C0023,P110,7,1301.88,0.05,South,Online,Cash
ORD00804,2026-08-22,C0157,P117,7,30.96,0.05,East,Store,Net Banking
ORD00773,2026-08-23,C0043,P106,7,45.38,0.2,North,Store,Card
ORD00845,2026-08-23,C0047,P104,1,897.73,0.05,East,Online,Card
ORD00672,2026-08-23,C0086,P103,1,170.23,0.05,East,Online,UPI
ORD00187,2026-08-23,C0081,P111,7,722.22,0.0,South,Store,UPI
ORD00931,2026-08-23,C0196,P105,6,1166.87,0.05,North,Store,UPI
ORD00409,2026-08-23,C0046,P120,5,368.14,0.15,South,Store,Card
ORD00935,2026-08-23,C0130,P120,3,357.44,0.1,North,Store,UPI
ORD00323,2026-08-24,C0047,P106,2,48.35,0.1,West,Online,Card
ORD00593,2026-08-24,C0080,P104,2,933.09,0.15,East,Store,Card
ORD00441,2026-08-24,C0061,P113,7,2149.55,0.1,West,Online,Cash
ORD00131,2026-08-24,C0005,P107,4,79.92,0.0,North,Online,UPI
ORD00884,2026-08-25,C0119,P103,6,141.7,0.2,North,Online,UPI
ORD00477,2026-08-25,C0012,P101,2,910.68,0.05,North,Online,Net Banking
ORD00283,2026-08-25,C0175,P107,5,78.85,0.0,West,Store,UPI
ORD00840,2026-08-25,C0129,P118,1,9688.3,0.05,South,Online,Card
ORD00846,2026-08-26,C0123,P118,4,9242.34,0.0,East,Store,UPI
ORD00280,2026-08-26,C0050,P101,2,1076.42,0.1,South,Online,UPI
ORD00828,2026-08-26,C0191,P116,5,430.66,0.05,West,Online,Net Banking
ORD00927,2026-08-27,C0097,P111,5,743.84,0.05,East,Online,Card
ORD00065,2026-08-27,C0185,P103,3,167.91,0.1,South,Online,Cash
ORD00282,2026-08-27,C0192,P119,3,581.5,0.1,North,Store,Card
ORD00498,2026-08-27,C0096,P116,1,495.94,0.2,East,Online,UPI
ORD00757,2026-08-27,C0085,P107,5,91.32,0.05,West,Store,Cash
ORD00763,2026-08-27,C0156,P102,3,426.4,0.1,South,Store,UPI
ORD00243,2026-08-27,C0194,P108,2,95.09,0.1,South,Store,Card
ORD00042,2026-08-28,C0153,P107,4,84.63,0.05,East,Online,UPI
ORD00083,2026-08-28,C0146,P111,1,625.39,0.0,North,Store,Card
ORD00189,2026-08-28,C0040,P113,6,2731.56,0.1,South,Online,UPI
ORD00595,2026-08-28,C0010,P102,6,426.22,0.05,East,Store,UPI
